,Initial,Final,Interval,H2S,Flow,H3,H4,D1,D3,D28,D91,D180,D365
0,90,130,40,,215,0.7,,5.9,14.7,29.1,,,
1,16,18,2,,230,20.5,,37.9,34.1,48.1,,,
2,128,138,10,,185,5.3,,27.5,28.7,40.2,,,
3,4,8,4,,210,2.9,,12,12.2,17.5,,,
4,,,,,,,,,,,,,
5,,,,,182.5,0.5,,0.7,0.7,,,,
6,,,,,165,,,0.8,1,,,,
7,,,,,230,1.1,,3.3,14,,,,
8,,,,,222.5,26.8,,41.7,47.9,,,,
9,,,,,180,,,2.9,6.7,,,,
10,,,,,,,,,,,,,
11,,,,,,,,,,,,,
12,,,,,,,,,,,,,
13,,,,,,,,,,,,,
14,,,,,,,,,,,,,
15,,,,,,,,,,,,,
16,,,,,,,,,,,,,
17,,,,,,,,,,,,,
18,,,,137,222.5,29,,38.9,33.6,53,,,
19,,,,77,215,32.4,,41.1,38.6,68.8,,,
20,,,,65,212.5,26.1,,37.9,36,60.5,,,
21,,,,21,212.5,30.2,,36.3,43.1,67.2,,,
22,,,,25,225,14.6,,29.6,36.8,52.4,,,
23,,,,23,222.5,25.6,,34.5,45.1,70.3,,,
24,,,,22,220,25.7,,35.1,49,74.2,,,
25,,,,39,235,0.6,,4.2,17.3,13.8,,,
26,,,,137,227.5,18,,37,46,47.8,,,
27,,,,137,225,43,,64,66,64.7,,,
28,,,,137,220,46,,60,67,66,,,
29,,,,137,217.5,42.5,,57,60,61.1,,,
30,,,,137,240,6,,14,25,35.6,,,
31,,,,137,235,5,,10,12,26.2,,,
32,,,,137,240,14,,28,36,49.8,,,
33,,,,137,237.5,33,,54,56,67.6,,,
34,,,,137,245,29,,54,57,69.7,,,
35,,,,137,240,26.9,,50.1,53.1,50.1,,,
36,,,,137,232.5,33.3,,45.9,44,39,,,
37,,,,137,237.5,30.8,,43.5,43.1,37,,,
38,,,,110,237.5,30,,44.3,42.1,38.2,,,
39,,,,83,235,29.1,,39.8,38.4,36.3,,,
40,,,,,240,27.9,,52.3,56.8,51.5,,,
41,,,,,240,34.2,,53.6,60.2,50.8,,,
42,,,,,237.5,35.6,,58.9,61.9,56,,,
43,,,,,235,36,,62.2,66.2,62.3,,,
44,,,,,230,37.7,,64.9,71.7,70.9,,,
45,,,,,245,10.4,,45.4,51.5,56.4,,,
46,,,,,245,10.2,,42.8,52.5,57.9,,,
47,,,,,247.5,10.5,,44.8,56.8,64.4,,,
48,,,,,250,7.7,,38.5,49.5,61,,,
49,,,,,250,9.1,,42.5,50.4,58.9,,,
50,,,,,255,6.4,,39.2,45.5,53.9,,,
51,,,,137,235,45.7,,53.7,58.3,65.1,,,
52,,,,92,225,45.5,,51.6,56.8,60.2,,,
53,,,,33,225,35,,53.8,62.2,66.6,,,
54,,,,65,230,20.7,,44.6,51.2,59.4,,,
55,,,,137,225,44,,51.5,59.8,64.1,,,
56,,,,77,225,39.9,,52.3,60.9,63.8,,,
57,,,,73,225,41.7,,47.4,50.7,58.9,,,
58,,,,,,36.2,,41.2,,,,,
59,,,,,,35.5,,42.6,,,,,
60,,,,,,34.9,,43.8,,,,,
61,,,,,,35,,41.8,,,,,
62,,,,,,34.8,,41.2,,,,,
63,,,,,,35.2,,43.5,,,,,
64,,,,,,36.1,,44.6,,,,,
65,,,,,,38.4,,46.5,,,,,
66,,,,,,37.5,,45.9,,,,,
67,,,,,,36.6,,43.2,,,,,
68,,,,,,37.1,,42.1,,,,,
69,19,30,11,,,39.5,,49.2,,,,,
70,35,71,36,,,40.5,,47.8,,,,,
71,30,57,27,,,41.7,,47.3,,,,,
72,37,67,30,,,41.2,,48.9,,,,,
73,28,46,18,,,40.8,,48.5,,,,,
74,0,0,0,,,,,,,,,,
75,1,5,4,,,,,,,,,,
76,14,22,8,,,,,,,,,,
77,37,100,63,,,,,,,,,,
78,0,0,0,,,,,,,,,,
79,0,0,0,,,,,,,,,,
80,2,3,1,,,,,,,,,,
81,8,12,4,,,,,,,,,,
82,0,0,0,,,,,,,,,,
83,2,3,1,,,,,,,,,,
84,14,30,16,,,,,,,,,,
85,44,76,32,,,,,,,,,,
86,0,0,0,,,,,,,,,,
87,0,0,0,,,,,,,,,,
88,2,6,4,,,,,,,,,,
89,6,9,3,,,,,,,,,,
90,0,0,0,,,,,,,,,,
91,14,24,10,,,,,,,,,,
92,26,52,26,,,,,,,,,,
93,0,0,0,,,,,,,,,,
94,1,8,7,,,,,,,,,,
95,25,30,5,,,,,,,,,,
96,0,0,0,,,,,,,,,,
97,6,18,12,,,,,,,,,,
98,14,22,8,,,,,,,,,,
99,26,48,22,,,,,,,,,,
100,0,0,0,,,,,,,,,,
101,1,2,1,,,,,,,,,,
102,1,6,5,,,,,,,,,,
103,18,22,4,,,,,,,,,,
104,,,,,247.5,,,0.4,0.9,3.3,,,
105,,,,,225,,,4.5,5.7,8.2,,,
106,,,,,220,,,5.2,6.9,7.6,,,
107,,,,,215,,,2.9,5.2,6.6,,,
108,,,,,185,0.3,,0.9,1.3,5.8,,,
109,,,,,210,3,,4.2,4.9,8,,,
110,,,,,220,2.5,,4.5,4.8,7.3,,,
111,,,,,210,3.7,,4.9,6.5,6.3,,,
112,,,,,202.5,0.4,,3.4265625,5.153125,7.2,,,
113,,,,,207.5,16.3,,45.64791666666667,51.02916666666667,55.1,,,
114,,,,,212.5,17,,40.390625,53.69375,56.7,,,
115,,,,,187.5,23.7,,48.73958333333333,53.67916666666666,58.3,,,
116,,,,,197.5,0.6,,3.3484375,5.2296875,8.3,,,
117,,,,,200,14.8,,47.8375,49.8125,56.4,,,
118,,,,,205,17.9,,47.76875,57.9375,62.7,,,
119,,,,,205,19.5,,45.75625,66.4375,69.4,,,
120,5,10,5,,,,,,,,,,
121,3,6,3,,,,,,,,,,
122,2,4,2,,,,,,,,,,
123,1,4,3,,,,,,,,,,
124,80,200,120,,,,,,,,,,
125,30,37,7,,,,,,,,,,
126,22,32,10,,,,,,,,,,
127,59,70,11,,,,,,,,,,
128,0,0,0,,,,,,,,,,
129,0,0,0,,,,,,,,,,
130,0,0,0,,,,,,,,,,
131,0,0,0,,,,,,,,,,
132,79,130,51,,,,,,,,,,
133,18,23,5,,,,,,,,,,
134,8,14,6,,,,,,,,,,
135,12,21,9,,,,,,,,,,
136,107,175,68,,,,,,,,,,
137,138,153,15,,,,,,,,,,
138,129,141,12,,,,,,,,,,
139,126,165,39,,,,,,,,,,
140,,,,,,27.1,,61.5,71.1,80.6,,,
141,,,,,,6.4,,23.3,25.8,35,,,
142,0,0,0,,,,,,,,,,
143,0,0,0,,,,,,,,,,
144,5,7,2,,,,,,,,,,
145,8,13,5,,,,,,,,,,
146,12,18,6,,,42.1,,49.8,,,,,
147,0,0,0,,,,,,,,,,
148,0,0,0,,,,,,,,,,
149,6,9,3,,,,,,,,,,
150,9,17,8,,,,,,,,,,
151,28,34,6,,,41.1,,48.5,,,,,
152,0,0,0,,,,,,,,,,
153,1,3,2,,,,,,,,,,
154,3,11,8,,,,,,,,,,
155,11,19,8,,,,,,,,,,
156,10,21,11,,,40.2,,47.9,,,,,
157,0,0,0,,,,,,,,,,
158,0,3,3,,,,,,,,,,
159,1,7,6,,,,,,,,,,
160,3,17,14,,,,,,,,,,
161,8,25,17,,,40,,47.5,,,,,
162,0,0,0,,,,,,,,,,
163,2,4,2,,,,,,,,,,
164,2,10,8,,,,,,,,,,
165,18,28,10,,,,,,,,,,
166,38,44,6,,,39.9,,47.4,,,,,
167,,,,,160,0.7,,1.7,2.6,2.5,,,
168,,,,,147.5,0.8,,2.5,3.2,3.5,,,
169,,,,,135,0.4,,14,2.1,1.8,,,
170,,,,,140,0.5,,1.5,2.2,1.8,,,
171,,,,,152.5,0.3,,1.3,1.5,1.5,,,
172,,,,,170,0.9,,2.9,3.7,3.8,,,
173,,,,,187.5,2.1,,3.9,4.4,4.4,,,
174,,,,,165,1.7,,3.4,3.9,4.1,,,
175,,,,,130,1.6,,3.3,3.7,4,,,
176,,,,,187.5,0.8,,1,1.4,1.8,,,
177,,,,,145,0.9,,1.1,2.1,2.3,,,
178,,,,,145,1.3,,1.4,2.6,2.8,,,
179,,,,,175,0.4,,0.9,1.4,1.6,,,
180,,,,,180,0.6,,1.3,1.5,1.5,,,
181,,,,,135,0.5,,1.1,1.2,1.2,,,
182,,,,,155,1.1,,1.8,2.6,2.3,,,
183,,,,,170,2.6,,4.2,4.5,5.3,,,
184,,,,137,190,56.1,,66.1,71.2,79.7,,,
185,,,,101,187.5,40.8,,47.2,49.2,57.9,,,
186,,,,51,237.5,53.3,,64.4,67.4,74,,,
187,,,,,190,50.2,,57.1,65.1,68.8,,,
188,,,,,192.5,44.5,,61.9,60,64.4,,,
189,,,,,220,42.4,,52.7,58.6,66.7,,,
190,,,,,,10.4,,13.8,,,,,
191,,,,,,8.3,,12.8,,,,,
192,,,,,250,7.48296875,,24.629166666666666,31.3359375,35.521875,38.040625,43.0171875,42.025
193,,,,,265,5.91875,,33.2734375,44.952083333333334,53.3578125,54.56875,62.03958333333334,62.49166666666666
194,,,,,252.5,5.2670312500000005,,36.596875,46.28541666666667,54.625,56.7640625,66.4484375,64.92083333333333
195,,,,,255,5.315416666666667,,33.65208333333333,45.02916666666667,58.33958333333334,57.103125,69.25625,66.09375
196,,,,,262.5,5.1176562500000005,,31.2359375,45.23958333333333,59.9,66.61666666666666,75.18125,75.8203125
197,,,,,250,31.08125,,53.895833333333336,60.86875,70.0421875,70.8703125,78.76041666666666,76.38125
198,,,,,220,26.4515625,,53.1203125,60.53333333333334,75.84583333333333,77.10833333333333,87.16458333333334,84.80625
199,,,,,227.5,24.43125,,52.99375,59.21458333333334,72.30625,77.584375,85.50416666666666,78.11041666666667
200,,,,,212.5,20.84375,,52.177083333333336,59.2625,71.50208333333333,77.29375,81.28333333333333,76.48125
201,,,,,215,23.884375,,45.3265625,57.547916666666666,69.1484375,76.40625,84.98541666666667,83.12916666666666
202,,,,,210,17.1828125,,38.296875,48.05625,64.21875,69.60208333333334,73.5984375,75.23333333333333
203,,,,,210,13.94375,,33.225,42.184375,60.1796875,60.9765625,71.734375,64.5375
204,,,,,210,12.2609375,,29.059375,39.40416666666667,51.7546875,57.010416666666664,67.00625,54.490625
205,,,,,240,1.17546875,,10.5015625,15.1265625,21.0578125,23.80625,33.515625,35.1
206,,,,,247.5,0.9390625,,4.204166666666667,17.8640625,29.791666666666668,25.87708333333333,38.090625,38.391666666666666
207,,,,,237.5,0.8859375,,9.5828125,24.56875,35.01875,40.3109375,44.3328125,48.35208333333333
208,,,,,255,0.7592187499999999,,8.4484375,29.42291666666667,41.514583333333334,42.9625,47.5421875,52.778125
209,,,,,267.5,0.8899999999999999,,12.9421875,29.44375,43.06666666666667,41.346875,53.05625,67.315625
210,,,,,217.5,28.778125,,32.4234375,35,38.540625,43.196875,53.7703125,52.5359375
211,,,,,220,36.3234375,,48.3453125,53.172916666666666,53.596875,60.520833333333336,71.48125,66.7890625
212,,,,,210,26.184375,,50.63125,64.26875,67.0765625,68.2765625,82.353125,82.82291666666666
213,,,,,205,24.4109375,,45.375,56.98125,68.559375,71.6390625,86.73541666666667,83.8734375
214,,,,,210,16.1984375,,42.38333333333333,49.2734375,57.0375,55.190625,65.90625,62.15
215,,,,,212.5,9.10625,,40.016666666666666,46.4078125,55.4515625,60.06666666666666,69.4578125,70.89583333333334
216,,,,,210,8.43046875,,34.68541666666667,41.48958333333333,52.6109375,60.8953125,66.55416666666666,73.47083333333333
217,,,,,210,4.86328125,,26.322916666666668,34,48.39375,59.08541666666666,63.625,59.1140625
218,2,6,4,,,,,,,,,,
219,8,12,4,,,,,,,,,,
220,29,32,3,,,,,,,,,,
221,33,36,3,,,,,,,,,,
222,29,37,8,,,,,,,,,,
223,36,40,4,,,,,,,,,,
224,55,65,10,,,,,,,,,,
225,37,67,30,,,,,,,,,,
226,70,79,9,,,,,,,,,,
227,78,85,7,,,,,,,,,,
228,17,23,6,,,,,,,,,,
229,17,33,16,,,,,,,,,,
230,18,23,5,,,,,,,,,,
231,26,30,4,,,,,,,,,,
232,36,45,9,,,,,,,,,,
233,33,45,12,,,,,,,,,,
234,45,54,9,,,,,,,,,,
235,58,65,7,,,,,,,,,,
236,25,39,14,,,,,,,,,,
237,26,31,5,,,,,,,,,,
238,26,38,12,,,,,,,,,,
239,32,42,10,,,,,,,,,,
240,24,68,44,,,,,,,,,,
241,32,73,41,,,,,,,,,,
242,88,105,17,,,,,,,,,,
243,99,119,20,,,,,,,,,,
244,36,58,22,,,,,,,,,,
245,63,103,40,,,,,,,,,,
246,31,43,12,,,,,,,,,,
247,28,45,17,,,,,,,,,,
248,35,45,10,,,,,,,,,,
249,44,49,5,,,,,,,,,,
250,49,66,17,,,,,,,,,,
251,53,71,18,,,,,,,,,,
252,66,77,11,,,,,,,,,,
253,66,88,22,,,,,,,,,,
254,13,16,3,,,,,,,,,,
255,13,17,4,,,,,,,,,,
256,16,19,3,,,,,,,,,,
257,15,19,4,,,,,,,,,,
258,28,39,11,,,,,,,,,,
259,29,41,12,,,,,,,,,,
260,38,51,13,,,,,,,,,,
261,39,53,14,,,,,,,,,,
262,20,24,4,,,,,,,,,,
263,22,27,5,,,,,,,,,,
264,20,26,6,,,,,,,,,,
265,23,31,8,,,,,,,,,,
266,24,30,6,,,,,,,,,,
267,20,29,9,,,,,,,,,,
268,20,31,11,,,,,,,,,,
269,18,30,12,,,,,,,,,,
270,,,,,202.5,36.4,,51.6,58.7,62,,,
271,,,,,215,31.4,,51.3,58.3,62.8,,,
272,,,,,210,32.4,,51.2,59,62.8,,,
273,,,,,200,31,,48.8,57,63.1,,,
274,,,,,205,27.8,,51.8,60.1,65.1,,,
275,,,,,200,27.9,,51.7,54.8,62,,,
276,,,,,212.5,32.9,,48.8,55.6,61.5,,,
277,,,,,207.5,30.2,,48.6,55.6,62.4,,,
278,31,36,5,,,,,,,,,,
279,8,10,2,,,,,,,,,,
280,7,10,3,,,,,,,,,,
281,23,49,26,,,,,,,,,,
282,79,130,51,,215,0.5,,7,20.5,29.8,,,
283,18,23,5,,202.5,31.1,,48.8,57.6,54.5,,,
284,8,14,6,,192.5,41.4,,59.2,65.7,63,,,
285,12,21,9,,202.5,7.1,,45.8,46.6,55.8,,,
286,0,0,0,,247.5,1.2,,5.2,8.4,14.2,,,
287,0,0,0,,215,13.9,,24.1,29.3,39.9,,,
288,0,0,0,,237.5,13.9,,29.4,40.3,53.1,,,
289,0,0,0,,230,5.4,,15.9,22.5,38.8,,,
290,79,130,51,,215,0.5,,7,20.5,29.8,,,
291,18,23,5,,202.5,31.1,,48.8,57.6,54.5,,,
292,8,14,6,,192.5,41.4,,59.2,65.7,63,,,
293,12,21,9,,202.5,7.1,,45.8,46.6,55.8,,,
294,2,7,5,,,,,,,,,,
295,2,5,3,,,,,,,,,,
296,3,8,5,,,,,,,,,,
297,5,13,8,,,,,,,,,,
298,0,0,0,,,,,,,,,,
299,0,0,0,,,,,,,,,,
300,0,0,0,,,,,,,,,,
301,0,0,0,,,,,,,,,,
302,27,50,23,,212.5,1.4,,4.3,10.8,24.7,,,
303,31,58,27,,212.5,1.6,,33.5,42.6,49.6,,,
304,39,78,39,,192.5,1.5,,36.8,47.5,58.4,,,
305,61,93,32,,192.5,3.2,,34.1,49.1,63.1,,,
306,43,76,33,,240,0.3,,1.6,8.3,15.1,,,
307,7,12,5,,257.5,21.9,,42.5,46.8,57.1,,,
308,6,9,3,,250,21.4,,52,51.5,68.7,,,
309,9,13,4,,235,5.8,,41,50,64.5,,,
310,51,79,28,,175,0.1,,4.9,21.4,35.2,,,
311,10,15,5,,170,26.9,,48,54.4,64.1,,,
312,12,15,3,,180,34.9,,49.6,60.5,69.2,,,
313,16,20,4,,177.5,14.5,,32.5,50,62.7,,,
314,67,91,24,,202.5,3.4,,14.3,21.7,25.4,,,
315,16,20,4,,185,21.8,,44.6,48.8,57.1,,,
316,13,17,4,,175,25.2,,50.3,51.5,57.7,,,
317,17,24,7,,170,10,,35.9,50.1,57.5,,,
318,0,0,0,,,,,,,,,,
319,21,28,7,,,,,,,,,,
320,87,105,18,,,,,,,,,,
321,20,27,7,,,,,,,,,,
322,47,57,10,,,,,,,,,,
323,234,270,36,,,,,,,,,,
324,0,0,0,,,,,,,,,,
325,3,4,1,,,,,,,,,,
326,4,6,2,,,,,,,,,,
327,5,8,3,,,,,,,,,,
328,9,11,2,,,,,,,,,,
329,15,18,3,,,,,,,,,,
330,31,38,7,,,,,,,,,,
331,60,69,9,,,,,,,,,,
332,2,4,2,,,,,,,,,,
333,7,10,3,,,,,,,,,,
334,11,14,3,,,,,,,,,,
335,13,19,6,,,,,,,,,,
336,14,18,4,,,,,,,,,,
337,4,11,7,,,,,,,,,,
338,18,26,8,,,,,,,,,,
339,32,39,7,,,,,,,,,,
340,83,93,10,,,,,,,,,,
341,107,122,15,,,,,,,,,,
342,8,15,7,,,,,,,,,,
343,18,25,7,,,,,,,,,,
344,41,49,8,,,,,,,,,,
345,119,130,11,,,,,,,,,,
346,168,180,12,,,,,,,,,,
347,13,20,7,,,,,,,,,,
348,19,37,18,,,,,,,,,,
349,38,46,8,,,,,,,,,,
350,87,94,7,,,,,,,,,,
351,124,134,10,,,,,,,,,,
352,124,148,24,,,,,,,,,,
353,2,7,5,,,,,,,,,,
354,4,9,5,,,,,,,,,,
355,5,11,6,,,,,,,,,,
356,7,9,2,,,,,,,,,,
357,8,12,4,,,,,,,,,,
358,6,12,6,,,,,,,,,,
359,12,19,7,,,,,,,,,,
360,7,25,18,,,,,,,,,,
361,32,36,4,,,,,,,,,,
362,55,62,7,,,,,,,,,,
363,16,25,9,,,,,,,,,,
364,22,32,10,,,,,,,,,,
365,39,48,9,,,,,,,,,,
366,55,63,8,,,,,,,,,,
367,84,91,7,,,,,,,,,,
368,17,23,6,,,,,,,,,,
369,27,35,8,,,,,,,,,,
370,43,52,9,,,,,,,,,,
371,73,85,12,,,,,,,,,,
372,83,99,16,,,,,,,,,,
373,107,125,18,,,,,,,,,,
374,47,57,10,,205,1,,5.8,19.8,19,,,
375,34,42,8,,210,44.3,,49,65.5,75.6,,,
376,7,11,4,,267.5,22.2,,34.5,42.8,56.9,,,
377,6,13,7,,260,18.1,,31,37,48.3,,,
378,5,12,7,,272.5,11.4,,20.3,26.4,35,,,
379,19,27,8,,252.5,1.4,,33.8,49.9,64.2,,,
380,20,27,7,,235,0.7,,29,46.2,45.1,,,
381,17,22,5,,285,18.4,,30,39.1,51.1,,,
382,9,15,6,,272.5,17.4,,25.6,30.4,44.6,,,
383,9,12,3,,262.5,13.9,,23.7,25.9,39.7,,,
384,32,40,8,,222.5,0.9,,20.6,33.3,41.8,,,
385,23,29,6,,240,2.2,,46.9,50.3,64.3,,,
386,64,82,18,,270,0.4,,33.3,42.2,64.6,,,
387,60,80,20,,257.5,1.6,,28.7,46.2,58.5,,,
388,51,71,20,,257.5,0.4,,31.9,40,60.5,,,
389,52,74,22,,245,4,,35.3,50.4,58.5,,,
390,50,70,20,,247.5,0.7,,33.3,4.2,63,,,
391,9,16,7,,290,23.8,,37.8,40,58.3,,,
392,7,15,8,,290,19.2,,31.5,39,53.4,,,
393,5,13,8,,290,17,,27,31.2,46.9,,,
394,21,30,9,,277.5,16.8,,25.3,28.4,42.8,,,
395,19,28,9,,275,3.6,,37.7,40.2,58.2,,,
396,,,,,,,,,,,,,
397,,,,,,,,,,,,,
398,,,,,,,,,,,,,
399,,,,,,,,,,,,,
400,,,,,,,,,,,,,
401,,,,,,,,,,,,,
402,,,,,,,,,,,,,
403,,,,,,,,,,,,,
404,,,,,,,,,,,,,
405,,,,,,,,,,,,,
406,,,,,,,,,,,,,
407,36,43,7,,,,,,,,,,
408,70,80,10,,250,0.9,,2.9,9.2,18.5,,,
409,180,200,20,,,,,,,,,,
410,3,5,2,,,,,,,,,,
411,28,45,17,,215,0.5,,25,48.1,58.8,,,
412,132,148,16,,,,,,,,,,
413,26,32,6,,,,,,,,,,
414,50,58,8,,227.5,0.9,,2.9,9.7,20.3,,,
415,150,166,16,,,,,,,,,,
416,5,9,4,,,,,,,,,,
417,51,59,8,,197.5,0.5,,27.1,47.7,62.4,,,
418,62,70,8,,,,,,,,,,
419,0,0,0,,,,,,,,,,
420,1,2,1,,237.5,1.2,,3.4,14.1,19.9,,,
421,4,7,3,,,,,,,,,,
422,1,2,1,,,,,,,,,,
423,20,24,4,,177.5,20.9,,37.2,44.1,50.8,,,
424,50,57,7,,,,,,,,,,
425,14,17,3,,,,,,,,,,
426,29,36,7,,,,,,,,,,
427,40,49,9,,,,,,,,,,
428,62,68,6,,,,,,,,,,
429,62,72,10,,,,,,,,,,
430,85,95,10,,,,,,,,,,
431,20,25,5,,,,,,,,,,
432,51,58,7,,,,,,,,,,
433,65,72,7,,,,,,,,,,
434,8,12,4,,,,,,,,,,
435,13,18,5,,,,,,,,,,
436,25,30,5,,,,,,,,,,
437,23,30,7,,,,,,,,,,
438,13,16,3,,,,,,,,,,
439,12,16,4,,,,,,,,,,
440,17,25,8,,,,,,,,,,
441,29,34,5,,,,,,,,,,
442,19,38,19,,,,,,,,,,
443,3,7,4,,,46.2,,,,,,,
444,3,8,5,,,44.2,,,,,,,
445,4,7,3,,,30.7,,,,,,,
446,3,7,4,,,25.7,,,,,,,
447,4,8,4,,,,,,,,,,
448,3,7,4,,,,,,,,,,
449,3,8,5,,,,,,,,,,
450,7,12,5,,,,,,,,,,
451,,,,,220,18.2,,,,,,,
452,,,,,205,13.5,,,,,,,
453,,,,,245,13.1,,,,,,,
454,,,,,210,10.2,,,,,,,
455,,,,,205,10.4,,,,,,,
456,,,,,215,9.8,,,,,,,
457,,,,,225,11.3,,,,,,,
458,,,,,210,11.5,,,,,,,
459,,,,,205,13.9,,,,,,,
460,,,,,205,4.5,,,,,,,
461,,,,,,24.9,,,,,,,
462,,,,,,24.4,,,,,,,
463,,,,,,28.6,,,,,,,
464,13,26,13,,,,,,,,,,
465,39,55,16,,,,,,,,,,
466,37,59,22,,,,,,,,,,
467,,,,,,14.9,,23.1,,,,,
468,,,,,,13.1,,21.3,,,,,
469,,,,,,9.3,15.2,18.1,,,,,
470,8,12,4,,,,,,,,,,
471,19,34,15,,,,,,,,,,
472,27,49,22,,,,,,,,,,
473,,,,,247.5,20.5,27.6,42.1,49.8,55.8,,,
474,,,,,275,17.9,24.3,40.2,48.5,54.6,,,
475,,,,,2292.5,11.1,16.3,36.8,42.5,54.2,,,
476,,,,,300,13.4,18.9,34.3,37.8,45.6,,,
477,,,,,295,5.7,9.4,32.7,36.9,48.2,,,
478,16,20,4,,,,,,,,,,
479,26,35,9,,,,,,,,,,
480,26,31,5,,,,,,,,,,
481,25,31,6,,,,,,,,,,
482,29,36,7,,,,,,,,,,
483,24,34,10,,,,,,,,,,
484,31,46,15,,,,,,,,,,
485,32,43,11,,,,,,,,,,
486,26,42,16,,,,,,,,,,
487,48,73,25,,,,,,,,,,
488,37,57,20,,,,,,,,,,
489,42,71,29,,,,,,,,,,
490,,,,,237.5,15.9,22.9,35.6,43,55.7,,,
491,,,,,265,0.6,1.1,15.6,23.4,36.9,,,
492,,,,,295,,0.3,1.4,2.5,,,,
493,,,,,285,,0.2,1,1.5,,,,
494,16,21,5,,,36.1,37.8,,,,,,
495,110,123,13,,,26.3,27.8,,,,,,
496,18,23,5,,,26.5,28.9,,,,,,
497,16,19,3,,,24.4,24.8,,,,,,
498,16,20,4,,,38.5,41.9,,,,,,
499,13,17,4,,,38.3,39.2,,,,,,
500,10,16,6,,,30.3,38.2,,,,,,
501,9,13,4,,,16,20.2,,,,,,
502,17,23,6,,,39.3,44.4,,,,,,
503,15,19,4,,,38.6,42.1,,,,,,
504,5,9,4,,,27.6,28.3,,,,,,
505,8,12,4,,,21.8,24.6,,,,,,
506,6,10,4,,,18.7,26,,,,,,
507,6,8,2,,,24.9,31.1,,,,,,
508,27,34,7,76,,43.8,47.3,,,,,,
509,30,37,7,,,,,,,,,,
510,32,39,7,,,,,,,,,,
511,18,26,8,,,,,,,,,,
512,8,12,4,,,,,,,,,,
513,22,27,5,,,,,,,,,,
514,30,35,5,,,,,,,,,,
515,40,51,11,240,,25.1,36.6,,,,,,
516,41,48,7,,,,,,,,,,
517,42,49,7,,,,,,,,,,
518,25,32,7,,,,,,,,,,
519,12,17,5,,,,,,,,,,
520,35,45,10,,,,,,,,,,
521,29,33,4,,,,,,,,,,
522,61,69,8,249,,19.8,24.9,,,,,,
523,56,67,11,297,,22.5,31.6,,,,,,
524,58,69,11,309,,23.9,28.7,,,,,,
525,41,50,9,238,,21.2,26.1,,,,,,
526,17,22,5,154,,17.3,20,,,,,,
527,42,51,9,132,,23.5,25.7,,,,,,
528,42,52,10,132,,19,22.6,,,,,,
529,,,,76,,,,,,,,,
530,,,,109,,,,,,,,,
531,,,,205,,,,,,,,,
532,,,,223,,,,,,,,,
533,,,,249,,,,,,,,,
534,,,,240,,,,,,,,,
535,,,,312,,,,,,,,,
536,,,,13,,,,,,,,,
537,,,,22,,,,,,,,,
538,,,,7,,,,,,,,,
539,,,,52,,,,,,,,,
540,,,,9,,,,,,,,,
541,,,,65,,,,,,,,,
542,,,,,,,,,,,,,
543,,,,,,,,,,,,,
544,,,,,,,,,,,,,
545,,,,,,,,,,,,,
546,,,,,,,,,,,,,
547,,,,,,,,,,,,,
548,,,,,,,,,,,,,
549,,,,,,,,,,,,,
550,,,,,,,,,,,,,
551,,,,,,,,,,,,,
552,,,,,,,,,,,,,
553,,,,,,,,,,,,,
554,,,,,,,,,,,,,
555,,,,,,,,,,,,,
556,,,,,,,,,,,,,
557,,,,,,,,,,,,,
558,,,,,,,,,,,,,
559,,,,,,,,,,,,,
560,,,,,,,,,,,,,
561,,,,,,,,,,,,,
562,,,,,,,,,,,,,
563,,,,,,,,,,,,,
564,,,,,,,,,,,,,
565,,,,,,,,,,,,,
566,,,,,,,,,,,,,
567,,,,,,,,,,,,,
568,,,,,,,,,,,,,
569,,,,,,,,,,,,,
570,,,,,,,,,,,,,
571,,,,1,,,,,,,,,
572,,,,1,,,,,,,,,
573,,,,1,,,,,,,,,
574,,,,1,,,,,,,,,
575,,,,60,,,,,,,,,
576,,,,31,,,,,,,,,
577,,,,28,,,,,,,,,
578,,,,26,,,,,,,,,
579,,,,26,,,,,,,,,
580,,,,12,,,,,,,,,
581,,,,11,,,,,,,,,
582,,,,,210,35.6,36.7,49.5,,64.3,,,
583,,,,,162.5,17,20.8,34.2,,59,,,
584,,,,,172.5,21.8,24.5,37.8,,61.5,,,
585,10,15,5,2,,,,,,,,,
586,50,85,35,4,,,,,,,,,
587,27,36,9,3,,,,,,,,,
588,3,7,4,2,,,,,,,,,
589,5,9,4,1,,,,,,,,,
590,5,9,4,21,,,,,,,,,
591,0,0,0,7,,,,,,,,,
592,0,0,0,16,,,,,,,,,
593,0,0,0,14,,,,,,,,,
594,0,0,0,10,,,,,,,,,
595,1,2,1,,,,,,,,,,
596,1,2,1,,,,,,,,,,
597,1,3,2,,,,,,,,,,
598,0,0,0,,,,,,,,,,
599,,,,,212.5,25.3,30.6,44.7,,50.6,,,
600,,,,,212.5,27.8,30.5,40.1,,48.7,,,
601,,,,,202.5,31.6,34.5,40.1,,44.6,,,
602,,,,,252.5,35.7,36.8,42.5,,54.3,,,
603,,,,,227.5,17.4,16.6,22,,35.6,,,
604,,,,,205,26.3,27.3,46.3,,54.6,,,
