,MeanV,Density,Blain
0,,2.87,6012
1,,2.87,6012
2,,2.87,6012
3,,2.87,6012
4,,2.87,6051
5,,2.87,6051
6,,2.87,6051
7,5.45,2.91,5994
8,5.45,2.91,5994
9,5.45,2.91,5994
10,,,
11,,,
12,,,
13,,,
14,,,
15,,,
16,,,
17,,,
18,5.45,2.91,5994
19,5.45,2.91,5994
20,5.45,2.91,5994
21,5.45,2.91,5994
22,5.45,2.91,5994
23,5.45,2.91,5994
24,5.45,2.91,5994
25,5.45,2.91,5994
26,5.45,2.91,5994
27,5.45,2.91,5994
28,5.45,2.91,5994
29,5.45,2.91,5994
30,5.45,2.91,5994
31,5.45,2.91,5994
32,5.45,2.91,5994
33,5.45,2.91,5994
34,5.45,2.91,5994
35,5.33,2.91,6045
36,5.33,2.91,6045
37,5.33,2.91,6045
38,5.33,2.91,6045
39,5.33,2.91,6045
40,5.33,2.91,6045
41,5.33,2.91,6045
42,5.33,2.91,6045
43,5.33,2.91,6045
44,5.33,2.91,6045
45,5.33,2.91,6045
46,5.33,2.91,6045
47,5.33,2.91,6045
48,5.33,2.91,6045
49,5.33,2.91,6045
50,5.33,2.91,6045
51,5.33,2.91,6045
52,5.33,2.91,6045
53,5.33,2.91,6045
54,5.33,2.91,6045
55,5.33,2.91,6045
56,5.33,2.91,6045
57,5.33,2.91,6045
58,,,6101
59,,,6005
60,,,6065
61,,,5964
62,,,5952
63,,,6047
64,,,6128
65,,,5991
66,,,6084
67,,,6281
68,,,5824
69,,2.91,6011
70,,2.91,5886
71,,2.91,6052
72,,2.91,5925
73,,2.91,5976
74,9.723,2.941,5101
75,9.723,2.941,5101
76,9.723,2.941,5101
77,9.723,2.941,5101
78,9.723,2.941,5101
79,9.723,2.941,5101
80,9.723,2.941,5101
81,9.723,2.941,5101
82,8.221,2.941,6042
83,8.221,2.941,6042
84,8.221,2.941,6042
85,8.221,2.941,6042
86,8.221,2.941,6042
87,8.221,2.941,6042
88,8.221,2.941,6042
89,8.221,2.941,6042
90,9.854,2.936,5078
91,9.854,2.936,5078
92,9.854,2.936,5078
93,9.854,2.936,5078
94,9.854,2.936,5078
95,9.854,2.936,5078
96,7.865,2.936,6104
97,7.865,2.936,6104
98,7.865,2.936,6104
99,7.865,2.936,6104
100,7.865,2.936,6104
101,7.865,2.936,6104
102,7.865,2.936,6104
103,7.865,2.936,6104
104,9.854,2.936,5078
105,9.854,2.936,5078
106,9.854,2.936,5078
107,9.854,2.936,5078
108,7.865,2.936,6104
109,7.865,2.936,6104
110,7.865,2.936,6104
111,7.865,2.936,6104
112,9.723,2.941,5101
113,9.723,2.941,5101
114,9.723,2.941,5101
115,9.723,2.941,5101
116,8.221,2.941,6042
117,8.221,2.941,6042
118,8.221,2.941,6042
119,8.221,2.941,6042
120,8.221,2.941,6042
121,8.221,2.941,6042
122,8.221,2.941,6042
123,8.221,2.941,6042
124,9.854,2.936,5078
125,9.854,2.936,5078
126,9.854,2.936,5078
127,9.854,2.936,5078
128,7.865,2.936,6104
129,7.865,2.936,6104
130,7.865,2.936,6104
131,7.865,2.936,6104
132,7.865,2.936,6104
133,7.865,2.936,6104
134,7.865,2.936,6104
135,7.865,2.936,6104
136,7.865,2.936,6104
137,7.865,2.936,6104
138,7.865,2.936,6104
139,7.865,2.936,6104
140,7.865,2.936,6104
141,7.865,2.936,6104
142,55.04,2.93,
143,21.64,2.93,
144,19.8,2.93,
145,16.53,2.93,
146,9.59,2.93,
147,63.82,2.93,
148,21,2.93,
149,16.78,2.93,
150,12.02,2.93,
151,10.59,2.93,
152,15.81,2.93,
153,13.87,2.93,
154,12.37,2.93,
155,9.52,2.93,
156,3.65,2.93,
157,16.71,2.93,
158,11.98,2.93,
159,10.81,2.93,
160,7.65,2.93,
161,7.52,2.93,
162,15.12,2.93,
163,13.07,2.93,
164,11.83,2.93,
165,7.14,2.93,
166,5.68,2.93,
167,5.12,2.93,6152
168,5.12,2.93,6152
169,5.12,2.93,6152
170,5.12,2.93,6152
171,5.12,2.93,6152
172,5.12,2.93,6152
173,5.12,2.93,6152
174,5.12,2.93,6152
175,5.12,2.93,6152
176,5.12,2.93,6152
177,5.12,2.93,6152
178,5.12,2.93,6152
179,5.12,2.93,6152
180,5.12,2.93,6152
181,5.12,2.93,6152
182,5.12,2.93,6152
183,5.12,2.93,6152
184,5.12,2.93,6152
185,5.12,2.93,6152
186,5.12,2.93,6152
187,5.12,2.93,6152
188,5.12,2.93,6152
189,5.12,2.93,6152
190,5.12,2.93,6152
191,5.12,2.93,6152
192,10.746,2.905,5953
193,10.746,2.905,5953
194,10.746,2.905,5953
195,10.746,2.905,5953
196,10.746,2.905,5953
197,10.746,2.905,5953
198,10.746,2.905,5953
199,10.746,2.905,5953
200,10.746,2.905,5953
201,10.746,2.905,5953
202,10.746,2.905,5953
203,10.746,2.905,5953
204,10.746,2.905,5953
205,8.877,2.954,6155
206,8.877,2.954,6155
207,8.877,2.954,6155
208,8.877,2.954,6155
209,8.877,2.954,6155
210,8.877,2.954,6155
211,8.877,2.954,6155
212,8.877,2.954,6155
213,8.877,2.954,6155
214,8.877,2.954,6155
215,8.877,2.954,6155
216,8.877,2.954,6155
217,8.877,2.954,6155
218,10.746,2.905,5953
219,10.746,2.905,5953
220,10.746,2.905,5953
221,10.746,2.905,5953
222,10.746,2.905,5953
223,10.746,2.905,5953
224,10.746,2.905,5953
225,10.746,2.905,5953
226,10.746,2.905,5953
227,10.746,2.905,5953
228,10.746,2.905,5953
229,10.746,2.905,5953
230,10.746,2.905,5953
231,10.746,2.905,5953
232,10.746,2.905,5953
233,10.746,2.905,5953
234,10.746,2.905,5953
235,10.746,2.905,5953
236,10.746,2.905,5953
237,10.746,2.905,5953
238,10.746,2.905,5953
239,10.746,2.905,5953
240,10.746,2.905,5953
241,10.746,2.905,5953
242,10.746,2.905,5953
243,10.746,2.905,5953
244,8.877,2.954,6155
245,8.877,2.954,6155
246,8.877,2.954,6155
247,8.877,2.954,6155
248,8.877,2.954,6155
249,8.877,2.954,6155
250,8.877,2.954,6155
251,8.877,2.954,6155
252,8.877,2.954,6155
253,8.877,2.954,6155
254,8.877,2.954,6155
255,8.877,2.954,6155
256,8.877,2.954,6155
257,8.877,2.954,6155
258,8.877,2.954,6155
259,8.877,2.954,6155
260,8.877,2.954,6155
261,8.877,2.954,6155
262,8.877,2.954,6155
263,8.877,2.954,6155
264,8.877,2.954,6155
265,8.877,2.954,6155
266,8.877,2.954,6155
267,8.877,2.954,6155
268,8.877,2.954,6155
269,8.877,2.954,6155
270,5.12,2.93,6152
271,5.12,2.93,6152
272,5.12,2.93,6152
273,5.12,2.93,6152
274,5.12,2.93,6152
275,5.12,2.93,6152
276,5.12,2.93,6152
277,5.12,2.93,6152
278,7.394,3.1,6286
279,7.394,3.1,6286
280,7.394,3.1,6286
281,7.394,3.1,6286
282,7.556,3.3,6285
283,7.556,3.3,6285
284,7.556,3.3,6285
285,7.556,3.3,6285
286,7.842,2.9,6245
287,7.842,2.9,6245
288,7.842,2.9,6245
289,7.842,2.9,6245
290,7.425,2.9,6244
291,7.425,2.9,6244
292,7.425,2.9,6244
293,7.425,2.9,6244
294,7.682,3,6069
295,7.682,3,6069
296,7.682,3,6069
297,7.682,3,6069
298,8.047,3,5940
299,8.047,3,5940
300,8.047,3,5940
301,8.047,3,5940
302,7.841,2.9,6041
303,7.841,2.9,6041
304,7.841,2.9,6041
305,7.841,2.9,6041
306,7.745,2.8,6137
307,7.745,2.8,6137
308,7.745,2.8,6137
309,7.745,2.8,6137
310,7.214,2.8,6208
311,7.214,2.8,6208
312,7.214,2.8,6208
313,7.214,2.8,6208
314,8.741,2.8,6113
315,8.741,2.8,6113
316,8.741,2.8,6113
317,8.741,2.8,6113
318,5.12,2.93,6152
319,5.12,2.93,6152
320,5.12,2.93,6152
321,5.12,2.93,6152
322,5.12,2.93,6152
323,5.12,2.93,6152
324,5.12,2.93,6152
325,5.12,2.93,6152
326,5.12,2.93,6152
327,5.12,2.93,6152
328,5.12,2.93,6152
329,5.12,2.93,6152
330,5.12,2.93,6152
331,5.12,2.93,6152
332,5.12,2.93,6152
333,5.12,2.93,6152
334,5.12,2.93,6152
335,5.12,2.93,6152
336,5.12,2.93,6152
337,5.12,2.93,6152
338,5.12,2.93,6152
339,5.12,2.93,6152
340,5.12,2.93,6152
341,5.12,2.93,6152
342,5.12,2.93,6152
343,5.12,2.93,6152
344,5.12,2.93,6152
345,5.12,2.93,6152
346,5.12,2.93,6152
347,5.12,2.93,6152
348,5.12,2.93,6152
349,5.12,2.93,6152
350,5.12,2.93,6152
351,5.12,2.93,6152
352,5.12,2.93,6152
353,5.12,2.93,6152
354,5.12,2.93,6152
355,5.12,2.93,6152
356,5.12,2.93,6152
357,5.12,2.93,6152
358,5.12,2.93,6152
359,5.12,2.93,6152
360,5.12,2.93,6152
361,5.12,2.93,6152
362,5.12,2.93,6152
363,5.12,2.93,6152
364,5.12,2.93,6152
365,5.12,2.93,6152
366,5.12,2.93,6152
367,5.12,2.93,6152
368,5.12,2.93,6152
369,5.12,2.93,6152
370,5.12,2.93,6152
371,5.12,2.93,6152
372,5.12,2.93,6152
373,5.12,2.93,6152
374,7.394,2.97,5998
375,10.655,2.97,5998
376,7.394,2.97,5998
377,7.394,2.97,5998
378,7.394,2.97,5998
379,10.655,2.97,5998
380,10.655,2.97,5998
381,7.394,2.97,5998
382,7.394,2.97,5998
383,7.394,2.97,5998
384,10.655,2.97,5998
385,10.655,2.97,5998
386,7.394,2.97,5998
387,7.394,2.97,5998
388,7.394,2.97,5998
389,10.655,2.97,5998
390,10.655,2.97,5998
391,7.394,2.97,5998
392,7.394,2.97,5998
393,7.394,2.97,5998
394,10.655,2.97,5998
395,10.655,2.97,5998
396,7.995,3,6156
397,8.652,2.8,5970
398,8.645,3,5914
399,8.024,2.8,6127
400,8.011,2.9,6113
401,7.994,2.8,6043
402,,,
403,,,
404,,,
405,,,
406,,,
407,9.452,3.1,5991
408,9.452,3.1,5991
409,9.452,3.1,5991
410,9.452,3.1,5991
411,9.452,3.1,5991
412,9.452,3.1,5991
413,8.762,3,6024
414,8.762,3,6024
415,8.762,3,6024
416,8.762,3,6024
417,8.762,3,6024
418,8.762,3,6024
419,8.241,3.2,6084
420,8.241,3.2,6084
421,8.241,3.2,6084
422,8.241,3.2,6084
423,8.241,3.2,6084
424,8.241,3.2,6084
425,7.394,2.97,5998
426,7.394,2.97,5998
427,7.394,2.97,5998
428,7.394,2.97,5998
429,7.394,2.97,5998
430,7.394,2.97,5998
431,7.394,2.97,5998
432,7.394,2.97,5998
433,7.394,2.97,5998
434,7.394,2.97,5998
435,7.394,2.97,5998
436,7.394,2.97,5998
437,7.394,2.97,5998
438,7.394,2.97,5998
439,7.394,2.97,5998
440,7.394,2.97,5998
441,7.394,2.97,5998
442,7.394,2.97,5998
443,7.394,2.97,5998
444,7.394,2.97,5998
445,7.394,2.97,5998
446,7.394,2.97,5998
447,7.394,2.97,5998
448,7.394,2.97,5998
449,7.394,2.97,5998
450,7.394,2.97,5998
451,7.526,3,5987
452,7.526,3,5987
453,7.526,3,5987
454,7.526,3,5987
455,7.526,3,5987
456,7.526,3,5987
457,7.526,3,5987
458,7.526,3,5987
459,7.526,3,5987
460,7.526,3,5987
461,7.526,3,5987
462,7.526,3,5987
463,7.526,3,5987
464,7.526,3,5987
465,7.526,3,5987
466,7.526,3,5987
467,7.526,3,5987
468,7.526,3,5987
469,7.526,3,5987
470,7.526,3,5987
471,7.526,3,5987
472,7.526,3,5987
473,7.526,3,5987
474,7.526,3,5987
475,7.526,3,5987
476,7.526,3,5987
477,7.526,3,5987
478,7.526,3,5987
479,7.526,3,5987
480,7.526,3,5987
481,7.526,3,5987
482,7.526,3,5987
483,7.526,3,5987
484,7.526,3,5987
485,7.526,3,5987
486,7.526,3,5987
487,7.526,3,5987
488,7.526,3,5987
489,7.526,3,5987
490,7.526,3,5987
491,7.526,3,5987
492,7.526,3,5987
493,7.526,3,5987
494,7.394,2.97,5998
495,7.394,2.97,5998
496,7.394,2.97,5998
497,7.394,2.97,5998
498,7.394,2.97,5998
499,7.394,2.97,5998
500,7.394,2.97,5998
501,7.394,2.97,5998
502,7.394,2.97,5998
503,7.394,2.97,5998
504,7.394,2.97,5998
505,7.394,2.97,5998
506,7.394,2.97,5998
507,7.394,2.97,5998
508,7.394,2.97,5998
509,7.394,2.97,5998
510,7.394,2.97,5998
511,7.394,2.97,5998
512,7.394,2.97,5998
513,7.394,2.97,5998
514,7.394,2.97,5998
515,7.394,2.97,5998
516,7.394,2.97,5998
517,7.394,2.97,5998
518,7.394,2.97,5998
519,7.394,2.97,5998
520,7.394,2.97,5998
521,7.394,2.97,5998
522,7.394,2.97,5998
523,7.394,2.97,5998
524,7.394,2.97,5998
525,7.394,2.97,5998
526,7.394,2.97,5998
527,7.394,2.97,5998
528,7.394,2.97,5998
529,7.394,2.97,5998
530,7.394,2.97,5998
531,7.394,2.97,5998
532,7.394,2.97,5998
533,7.394,2.97,5998
534,7.394,2.97,5998
535,7.394,2.97,5998
536,7.394,2.97,5998
537,7.394,2.97,5998
538,7.394,2.97,5998
539,7.394,2.97,5998
540,7.394,2.97,5998
541,7.394,2.97,5998
542,18.83,2.97,3608
543,15.88,2.97,4687
544,11.54,2.97,5997
545,14.49,2.97,5465
546,12.73,2.97,5208
547,11.54,2.97,5997
548,11.75,2.97,5987
549,11.54,2.97,5997
550,13.36,2.97,5032
551,20.82,2.97,3470
552,19.71,2.97,3349
553,20.62,2.97,3461
554,18.69,2.97,3733
555,14.59,2.97,4446
556,15.33,2.97,4566
557,16.35,2.97,4604
558,15.09,2.97,4926
559,11.77,2.97,5875
560,12.26,2.97,5858
561,13.17,2.97,5658
562,12.21,2.97,6007
563,11.52,2.97,6110
564,9.2,2.97,6548
565,62.11,2.97,732
566,19.01,2.97,3805
567,16.96,2.97,4541
568,11.4,2.97,6312
569,14.29,2.97,5791
570,7.92,2.97,7222
571,12.26,2.97,5.858
572,12.26,2.97,5.858
573,12.26,2.97,5.858
574,12.26,2.97,5.858
575,12.26,2.97,5.858
576,12.26,2.97,5.858
577,12.26,2.97,5.858
578,12.26,2.97,5.858
579,12.26,2.97,5.858
580,12.26,2.97,5.858
581,12.26,2.97,5.858
582,12.26,2.97,5.858
583,9.274,3.02,7127
584,9.274,3.02,7127
585,12.26,2.97,5.858
586,12.26,2.97,5.858
587,12.26,2.97,5.858
588,12.26,2.97,5.858
589,12.26,2.97,5.858
590,12.26,2.97,5.858
591,12.26,2.97,5.858
592,12.26,2.97,5.858
593,12.26,2.97,5.858
594,12.26,2.97,5.858
595,12.26,2.97,5.858
596,12.26,2.97,5.858
597,12.26,2.97,5.858
598,12.26,2.97,5.858
599,12.26,2.97,5.858
600,9.274,3.02,7127
601,12.26,2.97,5.858
602,12.26,2.97,5.858
603,9.274,3.02,7127
604,9.274,3.02,7127
