,Index,RMth,No,Class1,Class2,CaO,Al2O3,SiO2,Fe2O3,SO3,MgO,etc,FM
0,210323-01,2020.09,1,세아,급결재,50.71,27.52,8.15,2.23,3.95,5.8,1.6399999999999864,2.56
1,210323-02,2020.09,2,세아,시멘트,50.71,27.52,8.15,2.23,3.95,5.8,1.6399999999999864,2.56
2,210323-03,2020.09,3,세아,시멘트,50.71,27.52,8.15,2.23,3.95,5.8,1.6399999999999864,2.56
3,210323-04,2020.09,4,세아,시멘트,50.71,27.52,8.15,2.23,3.95,5.8,1.6399999999999864,2.56
4,210427-01,2021.02,1,세아,급결재,55.21,24.35,6.04,1.08,5.5,6.74,1.0799999999999983,
5,210427-02,2021.02,2,세아,시멘트,55.21,24.35,6.04,1.08,5.5,6.74,1.0799999999999983,
6,210427-03,2021.02,3,세아,시멘트,55.21,24.35,6.04,1.08,5.5,6.74,1.0799999999999983,
7,210427-04,2021.04,1,세아,급결재,49.07,29.81,7.83,1.94,3.44,6.36,1.5500000000000114,3.18
8,210427-05,2021.04,2,세아,시멘트,49.07,29.81,7.83,1.94,3.44,6.36,1.5500000000000114,3.18
9,210427-06,2021.04,3,세아,시멘트,49.07,29.81,7.83,1.94,3.44,6.36,1.5500000000000114,3.18
10,210428-2.5mm,2021.04,1,세아,급결재,47.2763,26.2733,6.8598,2.4,3.1745,7.9662,6.049899999999994,
11,210428-1.25mm,2021.04,2,세아,급결재,49.1362,27.7103,7.1308,0.7663,3.874,10.0265,1.3559000000000054,
12,210428-0.6mm,2021.04,3,세아,급결재,49.2164,29.0434,7.6117,0.616,4.0683,8.2165,1.227700000000013,
13,210428-0.3mm,2021.04,4,세아,급결재,49.0821,30.4925,7.0312,2.0106,3.3214,6.6416,1.4206000000000074,
14,210428-0.15mm,2021.04,5,세아,급결재,49.3306,31.4733,6.1703,1.6185,3.284,6.4762,1.6470999999999947,
15,210608-Yellow,2021.04,1,세아,급결재,48.3242,29.6712,6.1429,2.9255,3.5726,7.8839,1.4797000000000224,
16,210608-White,2021.04,2,세아,급결재,51.3998,28.7012,5.4491,1.2684,3.4576,8.3222,1.4017000000000053,
17,210608-Black,2021.04,3,세아,급결재,34.1589,22.8633,7.478,19.743,2.1479,6.5741,7.034800000000004,
18,210624-01,2021.04,1,세아,시멘트,49.07,29.81,7.83,1.94,3.44,6.36,1.5500000000000114,3.18
19,210624-02,2021.04,2,세아,시멘트,49.07,29.81,7.83,1.94,3.44,6.36,1.5500000000000114,3.18
20,210624-03,2021.04,3,세아,시멘트,49.07,29.81,7.83,1.94,3.44,6.36,1.5500000000000114,3.18
21,210624-04,2021.04,4,세아,시멘트,49.07,29.81,7.83,1.94,3.44,6.36,1.5500000000000114,3.18
22,210701-01,2021.04,1,세아,시멘트,49.07,29.81,7.83,1.94,3.44,6.36,1.5500000000000114,3.18
23,210701-02,2021.04,2,세아,시멘트,49.07,29.81,7.83,1.94,3.44,6.36,1.5500000000000114,3.18
24,210701-03,2021.04,3,세아,시멘트,49.07,29.81,7.83,1.94,3.44,6.36,1.5500000000000114,3.18
25,210713-01,2021.04,1,세아,급결재,49.07,29.81,7.83,1.94,3.44,6.36,1.5500000000000114,3.18
26,210713-02,2021.04,2,세아,시멘트,49.07,29.81,7.83,1.94,3.44,6.36,1.5500000000000114,3.18
27,210713-03,2021.04,3,세아,시멘트,49.07,29.81,7.83,1.94,3.44,6.36,1.5500000000000114,3.18
28,210713-04,2021.04,4,세아,시멘트,49.07,29.81,7.83,1.94,3.44,6.36,1.5500000000000114,3.18
29,210713-05,2021.04,5,세아,시멘트,49.07,29.81,7.83,1.94,3.44,6.36,1.5500000000000114,3.18
30,210713-06,2021.04,6,세아,시멘트,49.07,29.81,7.83,1.94,3.44,6.36,1.5500000000000114,3.18
31,210713-07,2021.04,7,세아,시멘트,49.07,29.81,7.83,1.94,3.44,6.36,1.5500000000000114,3.18
32,210713-08,2021.04,8,세아,시멘트,49.07,29.81,7.83,1.94,3.44,6.36,1.5500000000000114,3.18
33,210713-09,2021.04,9,세아,시멘트,49.07,29.81,7.83,1.94,3.44,6.36,1.5500000000000114,3.18
34,210713-10,2021.04,10,세아,시멘트,49.07,29.81,7.83,1.94,3.44,6.36,1.5500000000000114,3.18
35,210716-CA90-CS10,2021.04,1,세아,시멘트,50.1,29.3,8.2,1.6,3.9,5.6,1.2999999999999972,3.18
36,210716-CA80-CS20,2021.04,2,세아,시멘트,50.1,29.3,8.2,1.6,3.9,5.6,1.2999999999999972,3.18
37,210716-CA70-CS30,2021.04,3,세아,시멘트,50.1,29.3,8.2,1.6,3.9,5.6,1.2999999999999972,3.18
38,210716-CA60-CS40,2021.04,4,세아,시멘트,50.1,29.3,8.2,1.6,3.9,5.6,1.2999999999999972,3.18
39,210716-CA50-CS50,2021.04,5,세아,시멘트,50.1,29.3,8.2,1.6,3.9,5.6,1.2999999999999972,3.18
40,210717-01,2021.04,1,세아,시멘트,50.1,29.3,8.2,1.6,3.9,5.6,1.2999999999999972,3.18
41,210717-02,2021.04,2,세아,시멘트,50.1,29.3,8.2,1.6,3.9,5.6,1.2999999999999972,3.18
42,210717-03,2021.04,3,세아,시멘트,50.1,29.3,8.2,1.6,3.9,5.6,1.2999999999999972,3.18
43,210717-04,2021.04,4,세아,시멘트,50.1,29.3,8.2,1.6,3.9,5.6,1.2999999999999972,3.18
44,210717-05,2021.04,5,세아,시멘트,50.1,29.3,8.2,1.6,3.9,5.6,1.2999999999999972,3.18
45,210720-01,2021.04,1,세아,시멘트,50.1,29.3,8.2,1.6,3.9,5.6,1.2999999999999972,3.18
46,210720-02,2021.04,2,세아,시멘트,50.1,29.3,8.2,1.6,3.9,5.6,1.2999999999999972,3.18
47,210720-03,2021.04,3,세아,시멘트,50.1,29.3,8.2,1.6,3.9,5.6,1.2999999999999972,3.18
48,210720-04,2021.04,4,세아,시멘트,50.1,29.3,8.2,1.6,3.9,5.6,1.2999999999999972,3.18
49,210720-05,2021.04,5,세아,시멘트,50.1,29.3,8.2,1.6,3.9,5.6,1.2999999999999972,3.18
50,210720-06,2021.04,6,세아,시멘트,50.1,29.3,8.2,1.6,3.9,5.6,1.2999999999999972,3.18
51,210802-01,2021.04,1,세아,시멘트,50.1,29.3,8.2,1.6,3.9,5.6,1.2999999999999972,3.18
52,210802-02,2021.04,2,세아,시멘트,50.1,29.3,8.2,1.6,3.9,5.6,1.2999999999999972,3.18
53,210802-03,2021.04,3,세아,시멘트,50.1,29.3,8.2,1.6,3.9,5.6,1.2999999999999972,3.18
54,210802-04,2021.04,4,세아,시멘트,50.1,29.3,8.2,1.6,3.9,5.6,1.2999999999999972,3.18
55,210802-05,2021.04,5,세아,시멘트,50.1,29.3,8.2,1.6,3.9,5.6,1.2999999999999972,3.18
56,210802-06,2021.04,6,세아,시멘트,50.1,29.3,8.2,1.6,3.9,5.6,1.2999999999999972,3.18
57,210802-07,2021.04,7,세아,시멘트,50.1,29.3,8.2,1.6,3.9,5.6,1.2999999999999972,3.18
58,220221-01,2021.09,1,세아,시멘트,52.14,24.31,10.74,1.25,3.85,5.2,2.510000000000005,3.21
59,220221-02,2021.09,2,세아,시멘트,53.11,23.86,10.54,1.21,3.81,4.96,2.5100000000000193,3.21
60,220221-03,2021.09,3,세아,시멘트,52.02,24.1,11.483,1.13,3.59,5.09,2.586999999999989,3.21
61,220221-04,2021.09,4,세아,시멘트,53.61,22.41,11.09,1.55,4.09,4.94,2.3100000000000023,3.21
62,220221-05,2021.09,5,세아,시멘트,52.44,24.13,10.97,1.02,3.81,5.38,2.250000000000014,3.21
63,220221-06,2021.09,6,세아,시멘트,54.07,24.19,9.92,1.19,3.76,4.55,2.319999999999993,3.21
64,220221-07,2021.09,7,세아,시멘트,50.77,27.88,10.12,0.89,3.69,4.66,1.9899999999999949,3.21
65,220221-08,2021.09,8,세아,시멘트,54.01,23.71,10.18,1.46,3.97,4.36,2.3100000000000023,3.21
66,220221-09,2021.09,9,세아,시멘트,53.53,23.96,9.94,1.37,3.95,4.81,2.4399999999999835,3.21
67,220221-10,2021.09,10,세아,시멘트,51.82,25.54,11.35,0.98,3.72,4.55,2.0400000000000063,3.21
68,220221-11,2021.09,11,세아,시멘트,52.62,23.72,11.31,1.21,3.84,4.82,2.4799999999999898,3.21
69,220502-5mm over,2021.04,1,세아,시멘트,50.1,29.3,8.2,1.6,3.9,5.6,1.2999999999999972,0.19
70,220502-2.5mm,2021.04,2,세아,시멘트,50.1,29.3,8.2,1.6,3.9,5.6,1.2999999999999972,0.43
71,220502-1.2mm,2021.04,3,세아,시멘트,50.1,29.3,8.2,1.6,3.9,5.6,1.2999999999999972,0.73
72,220502-0.6mm,2021.04,4,세아,시멘트,50.1,29.3,8.2,1.6,3.9,5.6,1.2999999999999972,1.09
73,220502-0.3mm,2021.04,5,세아,시멘트,50.1,29.3,8.2,1.6,3.9,5.6,1.2999999999999972,1.54
74,221102-01,2022.1,1,현대,급결재,51.65,28.93,11.68,0.96,0.64,3.14,3.000000000000014,4.2
75,221102-02,2022.1,2,현대,급결재,51.65,28.93,11.68,0.96,0.64,3.14,3.000000000000014,4.2
76,221102-03,2022.1,3,현대,급결재,51.65,28.93,11.68,0.96,0.64,3.14,3.000000000000014,4.2
77,221102-04,2022.1,4,현대,급결재,51.65,28.93,11.68,0.96,0.64,3.14,3.000000000000014,4.2
78,221102-05,2022.1,5,현대,시멘트,51.65,28.93,11.68,0.96,0.64,3.14,3.000000000000014,4.2
79,221102-06,2022.1,6,현대,시멘트,51.65,28.93,11.68,0.96,0.64,3.14,3.000000000000014,4.2
80,221102-07,2022.1,7,현대,시멘트,51.65,28.93,11.68,0.96,0.64,3.14,3.000000000000014,4.2
81,221102-08,2022.1,8,현대,시멘트,51.65,28.93,11.68,0.96,0.64,3.14,3.000000000000014,4.2
82,221102-09,2022.1,9,현대,급결재,51.65,28.93,11.68,0.96,0.64,3.14,3.000000000000014,4.2
83,221102-10,2022.1,10,현대,급결재,51.65,28.93,11.68,0.96,0.64,3.14,3.000000000000014,4.2
84,221102-11,2022.1,11,현대,급결재,51.65,28.93,11.68,0.96,0.64,3.14,3.000000000000014,4.2
85,221102-12,2022.1,12,현대,급결재,51.65,28.93,11.68,0.96,0.64,3.14,3.000000000000014,4.2
86,221102-13,2022.1,13,현대,시멘트,51.65,28.93,11.68,0.96,0.64,3.14,3.000000000000014,4.2
87,221102-14,2022.1,14,현대,시멘트,51.65,28.93,11.68,0.96,0.64,3.14,3.000000000000014,4.2
88,221102-15,2022.1,15,현대,시멘트,51.65,28.93,11.68,0.96,0.64,3.14,3.000000000000014,4.2
89,221102-16,2022.1,16,현대,시멘트,51.65,28.93,11.68,0.96,0.64,3.14,3.000000000000014,4.2
90,221102-17,2022.1,1,현대,급결재,50.43,27.52,11.81,1.51,1.04,5.04,2.6499999999999773,2.7
91,221102-18,2022.1,2,현대,급결재,50.43,27.52,11.81,1.51,1.04,5.04,2.6499999999999773,2.7
92,221102-19,2022.1,3,현대,급결재,50.43,27.52,11.81,1.51,1.04,5.04,2.6499999999999773,2.7
93,221102-20,2022.1,4,현대,시멘트,50.43,27.52,11.81,1.51,1.04,5.04,2.6499999999999773,2.7
94,221102-21,2022.1,5,현대,시멘트,50.43,27.52,11.81,1.51,1.04,5.04,2.6499999999999773,2.7
95,221102-22,2022.1,6,현대,시멘트,50.43,27.52,11.81,1.51,1.04,5.04,2.6499999999999773,2.7
96,221102-23,2022.1,7,현대,급결재,50.43,27.52,11.81,1.51,1.04,5.04,2.6499999999999773,2.7
97,221102-24,2022.1,8,현대,급결재,50.43,27.52,11.81,1.51,1.04,5.04,2.6499999999999773,2.7
98,221102-25,2022.1,9,현대,급결재,50.43,27.52,11.81,1.51,1.04,5.04,2.6499999999999773,2.7
99,221102-26,2022.1,10,현대,급결재,50.43,27.52,11.81,1.51,1.04,5.04,2.6499999999999773,2.7
100,221102-27,2022.1,11,현대,시멘트,50.43,27.52,11.81,1.51,1.04,5.04,2.6499999999999773,2.7
101,221102-28,2022.1,12,현대,시멘트,50.43,27.52,11.81,1.51,1.04,5.04,2.6499999999999773,2.7
102,221102-29,2022.1,13,현대,시멘트,50.43,27.52,11.81,1.51,1.04,5.04,2.6499999999999773,2.7
103,221102-30,2022.1,14,현대,시멘트,50.43,27.52,11.81,1.51,1.04,5.04,2.6499999999999773,2.7
104,221108-01,2022.1,1,현대,급결재,50.43,27.52,11.81,1.51,1.04,5.04,2.6499999999999773,2.7
105,221108-02,2022.1,2,현대,시멘트,50.43,27.52,11.81,1.51,1.04,5.04,2.6499999999999773,2.7
106,221108-03,2022.1,3,현대,시멘트,50.43,27.52,11.81,1.51,1.04,5.04,2.6499999999999773,2.7
107,221108-04,2022.1,4,현대,시멘트,50.43,27.52,11.81,1.51,1.04,5.04,2.6499999999999773,2.7
108,221108-05,2022.1,5,현대,급결재,50.43,27.52,11.81,1.51,1.04,5.04,2.6499999999999773,2.7
109,221108-06,2022.1,6,현대,시멘트,50.43,27.52,11.81,1.51,1.04,5.04,2.6499999999999773,2.7
110,221108-07,2022.1,7,현대,시멘트,50.43,27.52,11.81,1.51,1.04,5.04,2.6499999999999773,2.7
111,221108-08,2022.1,8,현대,시멘트,50.43,27.52,11.81,1.51,1.04,5.04,2.6499999999999773,2.7
112,221206-01,2022.1,1,현대,급결재,51.65,28.93,11.68,0.96,0.64,3.14,3.000000000000014,4.2
113,221206-02,2022.1,2,현대,시멘트,51.65,28.93,11.68,0.96,0.64,3.14,3.000000000000014,4.2
114,221206-03,2022.1,3,현대,시멘트,51.65,28.93,11.68,0.96,0.64,3.14,3.000000000000014,4.2
115,221206-04,2022.1,4,현대,시멘트,51.65,28.93,11.68,0.96,0.64,3.14,3.000000000000014,4.2
116,221206-05,2022.1,5,현대,급결재,51.65,28.93,11.68,0.96,0.64,3.14,3.000000000000014,4.2
117,221206-06,2022.1,6,현대,시멘트,51.65,28.93,11.68,0.96,0.64,3.14,3.000000000000014,4.2
118,221206-07,2022.1,7,현대,시멘트,51.65,28.93,11.68,0.96,0.64,3.14,3.000000000000014,4.2
119,221206-08,2022.1,8,현대,시멘트,51.65,28.93,11.68,0.96,0.64,3.14,3.000000000000014,4.2
120,230111-01,2022.1,1,현대,급결재,51.65,28.93,11.68,0.96,0.64,3.14,3.000000000000014,4.2
121,230111-02,2022.1,2,현대,시멘트,51.65,28.93,11.68,0.96,0.64,3.14,3.000000000000014,4.2
122,230111-03,2022.1,3,현대,시멘트,51.65,28.93,11.68,0.96,0.64,3.14,3.000000000000014,4.2
123,230111-04,2022.1,4,현대,시멘트,51.65,28.93,11.68,0.96,0.64,3.14,3.000000000000014,4.2
124,230111-05,2022.1,1,현대,급결재,50.43,27.52,11.81,1.51,1.04,5.04,2.6499999999999773,2.7
125,230111-06,2022.1,2,현대,시멘트,50.43,27.52,11.81,1.51,1.04,5.04,2.6499999999999773,2.7
126,230111-07,2022.1,3,현대,시멘트,50.43,27.52,11.81,1.51,1.04,5.04,2.6499999999999773,2.7
127,230111-08,2022.1,4,현대,시멘트,50.43,27.52,11.81,1.51,1.04,5.04,2.6499999999999773,2.7
128,230111-09,2022.1,5,현대,급결재,50.43,27.52,11.81,1.51,1.04,5.04,2.6499999999999773,2.7
129,230111-10,2022.1,6,현대,시멘트,50.43,27.52,11.81,1.51,1.04,5.04,2.6499999999999773,2.7
130,230111-11,2022.1,7,현대,시멘트,50.43,27.52,11.81,1.51,1.04,5.04,2.6499999999999773,2.7
131,230111-12,2022.1,8,현대,시멘트,50.43,27.52,11.81,1.51,1.04,5.04,2.6499999999999773,2.7
132,230111-13,2022.1,9,현대,급결재,50.43,27.52,11.81,1.51,1.04,5.04,2.6499999999999773,2.7
133,230111-14,2022.1,10,현대,시멘트,50.43,27.52,11.81,1.51,1.04,5.04,2.6499999999999773,2.7
134,230111-15,2022.1,11,현대,시멘트,50.43,27.52,11.81,1.51,1.04,5.04,2.6499999999999773,2.7
135,230111-16,2022.1,12,현대,시멘트,50.43,27.52,11.81,1.51,1.04,5.04,2.6499999999999773,2.7
136,230111-17,2022.1,13,현대,급결재,50.43,27.52,11.81,1.51,1.04,5.04,2.6499999999999773,2.7
137,230111-18,2022.1,14,현대,시멘트,50.43,27.52,11.81,1.51,1.04,5.04,2.6499999999999773,2.7
138,230111-19,2022.1,15,현대,시멘트,50.43,27.52,11.81,1.51,1.04,5.04,2.6499999999999773,2.7
139,230111-20,2022.1,16,현대,시멘트,50.43,27.52,11.81,1.51,1.04,5.04,2.6499999999999773,2.7
140,230116-01,2022.1,1,현대,시멘트,50.43,27.52,11.81,1.51,1.04,5.04,2.6499999999999773,2.7
141,230116-02,2022.1,2,현대,시멘트,50.43,27.52,11.81,1.51,1.04,5.04,2.6499999999999773,2.7
142,230315-01,2023.01,1,세아,시멘트,46.65,30.73,7.78,0.56,4.7,7.6,1.980000000000004,
143,230315-02,2023.01,2,세아,시멘트,46.65,30.73,7.78,0.56,4.7,7.6,1.980000000000004,
144,230315-03,2023.01,3,세아,시멘트,46.65,30.73,7.78,0.56,4.7,7.6,1.980000000000004,
145,230315-04,2023.01,4,세아,시멘트,46.65,30.73,7.78,0.56,4.7,7.6,1.980000000000004,
146,230315-05,2023.01,5,세아,시멘트,46.65,30.73,7.78,0.56,4.7,7.6,1.980000000000004,
147,230315-06,2023.01,6,세아,시멘트,46.65,30.73,7.78,0.56,4.7,7.6,1.980000000000004,0.05
148,230315-07,2023.01,7,세아,시멘트,46.65,30.73,7.78,0.56,4.7,7.6,1.980000000000004,0.05
149,230315-08,2023.01,8,세아,시멘트,46.65,30.73,7.78,0.56,4.7,7.6,1.980000000000004,0.05
150,230315-09,2023.01,9,세아,시멘트,46.65,30.73,7.78,0.56,4.7,7.6,1.980000000000004,0.05
151,230315-10,2023.01,10,세아,시멘트,46.65,30.73,7.78,0.56,4.7,7.6,1.980000000000004,0.05
152,230315-11,2023.01,11,세아,시멘트,46.65,30.73,7.78,0.56,4.7,7.6,1.980000000000004,0.14
153,230315-12,2023.01,12,세아,시멘트,46.65,30.73,7.78,0.56,4.7,7.6,1.980000000000004,0.14
154,230315-13,2023.01,13,세아,시멘트,46.65,30.73,7.78,0.56,4.7,7.6,1.980000000000004,0.14
155,230315-14,2023.01,14,세아,시멘트,46.65,30.73,7.78,0.56,4.7,7.6,1.980000000000004,0.14
156,230315-15,2023.01,15,세아,시멘트,46.65,30.73,7.78,0.56,4.7,7.6,1.980000000000004,0.14
157,230315-16,2023.01,16,세아,시멘트,46.65,30.73,7.78,0.56,4.7,7.6,1.980000000000004,0.29
158,230315-17,2023.01,17,세아,시멘트,46.65,30.73,7.78,0.56,4.7,7.6,1.980000000000004,0.29
159,230315-18,2023.01,18,세아,시멘트,46.65,30.73,7.78,0.56,4.7,7.6,1.980000000000004,0.29
160,230315-19,2023.01,19,세아,시멘트,46.65,30.73,7.78,0.56,4.7,7.6,1.980000000000004,0.29
161,230315-20,2023.01,20,세아,시멘트,46.65,30.73,7.78,0.56,4.7,7.6,1.980000000000004,0.29
162,230315-21,2023.01,21,세아,시멘트,46.65,30.73,7.78,0.56,4.7,7.6,1.980000000000004,1.09
163,230315-22,2023.01,22,세아,시멘트,46.65,30.73,7.78,0.56,4.7,7.6,1.980000000000004,1.09
164,230315-23,2023.01,23,세아,시멘트,46.65,30.73,7.78,0.56,4.7,7.6,1.980000000000004,1.09
165,230315-24,2023.01,24,세아,시멘트,46.65,30.73,7.78,0.56,4.7,7.6,1.980000000000004,1.09
166,230315-25,2023.01,25,세아,시멘트,46.65,30.73,7.78,0.56,4.7,7.6,1.980000000000004,1.09
167,230316-01,2023.01,1,세아,기포콘크리트,46.65,30.73,7.78,0.56,4.7,7.6,1.980000000000004,2.84
168,230316-02,2023.01,2,세아,기포콘크리트,46.65,30.73,7.78,0.56,4.7,7.6,1.980000000000004,2.84
169,230316-03,2023.01,3,세아,기포콘크리트,46.65,30.73,7.78,0.56,4.7,7.6,1.980000000000004,2.84
170,230316-04,2023.01,4,세아,기포콘크리트,46.65,30.73,7.78,0.56,4.7,7.6,1.980000000000004,2.84
171,230316-05,2023.01,5,세아,기포콘크리트,46.65,30.73,7.78,0.56,4.7,7.6,1.980000000000004,2.84
172,230316-06,2023.01,6,세아,기포콘크리트,46.65,30.73,7.78,0.56,4.7,7.6,1.980000000000004,2.84
173,230321-01,2023.01,1,세아,기포콘크리트,46.65,30.73,7.78,0.56,4.7,7.6,1.980000000000004,2.84
174,230321-02,2023.01,2,세아,기포콘크리트,46.65,30.73,7.78,0.56,4.7,7.6,1.980000000000004,2.84
175,230321-03,2023.01,3,세아,기포콘크리트,46.65,30.73,7.78,0.56,4.7,7.6,1.980000000000004,2.84
176,230321-04,2023.01,4,세아,기포콘크리트,46.65,30.73,7.78,0.56,4.7,7.6,1.980000000000004,2.84
177,230321-05,2023.01,5,세아,기포콘크리트,46.65,30.73,7.78,0.56,4.7,7.6,1.980000000000004,2.84
178,230321-06,2023.01,6,세아,기포콘크리트,46.65,30.73,7.78,0.56,4.7,7.6,1.980000000000004,2.84
179,230321-07,2023.01,7,세아,기포콘크리트,46.65,30.73,7.78,0.56,4.7,7.6,1.980000000000004,2.84
180,230321-08,2023.01,8,세아,기포콘크리트,46.65,30.73,7.78,0.56,4.7,7.6,1.980000000000004,2.84
181,230406-01,2023.01,1,세아,기포콘크리트,46.65,30.73,7.78,0.56,4.7,7.6,1.980000000000004,2.84
182,230406-02,2023.01,2,세아,기포콘크리트,46.65,30.73,7.78,0.56,4.7,7.6,1.980000000000004,2.84
183,230406-03,2023.01,3,세아,기포콘크리트,46.65,30.73,7.78,0.56,4.7,7.6,1.980000000000004,2.84
184,230411-01,2023.01,1,세아,시멘트,46.65,30.73,7.78,0.56,4.7,7.6,1.980000000000004,2.84
185,230411-02,2023.01,2,세아,시멘트,46.65,30.73,7.78,0.56,4.7,7.6,1.980000000000004,2.84
186,230411-03,2023.01,3,세아,시멘트,46.65,30.73,7.78,0.56,4.7,7.6,1.980000000000004,2.84
187,230413-01,2023.01,1,세아,시멘트,46.65,30.73,7.78,0.56,4.7,7.6,1.980000000000004,2.84
188,230413-02,2023.01,2,세아,시멘트,46.65,30.73,7.78,0.56,4.7,7.6,1.980000000000004,2.84
189,230413-03,2023.01,3,세아,시멘트,46.65,30.73,7.78,0.56,4.7,7.6,1.980000000000004,2.84
190,230616-01,2023.01,1,세아,시멘트,46.65,30.73,7.78,0.56,4.7,7.6,1.980000000000004,2.84
191,230616-02,2023.01,2,세아,시멘트,46.65,30.73,7.78,0.56,4.7,7.6,1.980000000000004,2.84
192,230718-01,2023.07,1,현대,급결재,49.51,23.98,9.87,7.26,0.4,4.66,4.319999999999993,4.4
193,230718-02,2023.07,2,현대,시멘트,49.51,23.98,9.87,7.26,0.4,4.66,4.319999999999993,4.4
194,230718-03,2023.07,3,현대,시멘트,49.51,23.98,9.87,7.26,0.4,4.66,4.319999999999993,4.4
195,230718-04,2023.07,4,현대,시멘트,49.51,23.98,9.87,7.26,0.4,4.66,4.319999999999993,4.4
196,230718-05,2023.07,5,현대,시멘트,49.51,23.98,9.87,7.26,0.4,4.66,4.319999999999993,4.4
197,230718-06,2023.07,6,현대,시멘트,49.51,23.98,9.87,7.26,0.4,4.66,4.319999999999993,4.4
198,230718-07,2023.07,7,현대,시멘트,49.51,23.98,9.87,7.26,0.4,4.66,4.319999999999993,4.4
199,230718-08,2023.07,8,현대,시멘트,49.51,23.98,9.87,7.26,0.4,4.66,4.319999999999993,4.4
200,230718-09,2023.07,9,현대,시멘트,49.51,23.98,9.87,7.26,0.4,4.66,4.319999999999993,4.4
201,230718-10,2023.07,10,현대,시멘트,49.51,23.98,9.87,7.26,0.4,4.66,4.319999999999993,4.4
202,230718-11,2023.07,11,현대,시멘트,49.51,23.98,9.87,7.26,0.4,4.66,4.319999999999993,4.4
203,230718-12,2023.07,12,현대,시멘트,49.51,23.98,9.87,7.26,0.4,4.66,4.319999999999993,4.4
204,230718-13,2023.07,13,현대,시멘트,49.51,23.98,9.87,7.26,0.4,4.66,4.319999999999993,4.4
205,230718-14,2023.07,1,현대,급결재,51.03,27.48,11.34,1.68,1.28,5.16,2.029999999999987,2.8
206,230718-15,2023.07,2,현대,시멘트,51.03,27.48,11.34,1.68,1.28,5.16,2.029999999999987,2.8
207,230718-16,2023.07,3,현대,시멘트,51.03,27.48,11.34,1.68,1.28,5.16,2.029999999999987,2.8
208,230718-17,2023.07,4,현대,시멘트,51.03,27.48,11.34,1.68,1.28,5.16,2.029999999999987,2.8
209,230718-18,2023.07,5,현대,시멘트,51.03,27.48,11.34,1.68,1.28,5.16,2.029999999999987,2.8
210,230718-19,2023.07,6,현대,시멘트,51.03,27.48,11.34,1.68,1.28,5.16,2.029999999999987,2.8
211,230718-20,2023.07,7,현대,시멘트,51.03,27.48,11.34,1.68,1.28,5.16,2.029999999999987,2.8
212,230718-21,2023.07,8,현대,시멘트,51.03,27.48,11.34,1.68,1.28,5.16,2.029999999999987,2.8
213,230718-22,2023.07,9,현대,시멘트,51.03,27.48,11.34,1.68,1.28,5.16,2.029999999999987,2.8
214,230718-23,2023.07,10,현대,시멘트,51.03,27.48,11.34,1.68,1.28,5.16,2.029999999999987,2.8
215,230718-24,2023.07,11,현대,시멘트,51.03,27.48,11.34,1.68,1.28,5.16,2.029999999999987,2.8
216,230718-25,2023.07,12,현대,시멘트,51.03,27.48,11.34,1.68,1.28,5.16,2.029999999999987,2.8
217,230718-26,2023.07,13,현대,시멘트,51.03,27.48,11.34,1.68,1.28,5.16,2.029999999999987,2.8
218,230720-01,2023.07,1,현대,급결재,49.51,23.98,9.87,7.26,0.4,4.66,4.319999999999993,4.4
219,230720-02,2023.07,2,현대,급결재,49.51,23.98,9.87,7.26,0.4,4.66,4.319999999999993,4.4
220,230720-03,2023.07,3,현대,시멘트,49.51,23.98,9.87,7.26,0.4,4.66,4.319999999999993,4.4
221,230720-04,2023.07,4,현대,시멘트,49.51,23.98,9.87,7.26,0.4,4.66,4.319999999999993,4.4
222,230720-05,2023.07,5,현대,시멘트,49.51,23.98,9.87,7.26,0.4,4.66,4.319999999999993,4.4
223,230720-06,2023.07,6,현대,시멘트,49.51,23.98,9.87,7.26,0.4,4.66,4.319999999999993,4.4
224,230720-07,2023.07,7,현대,시멘트,49.51,23.98,9.87,7.26,0.4,4.66,4.319999999999993,4.4
225,230720-08,2023.07,8,현대,시멘트,49.51,23.98,9.87,7.26,0.4,4.66,4.319999999999993,4.4
226,230720-09,2023.07,9,현대,시멘트,49.51,23.98,9.87,7.26,0.4,4.66,4.319999999999993,4.4
227,230720-10,2023.07,10,현대,시멘트,49.51,23.98,9.87,7.26,0.4,4.66,4.319999999999993,4.4
228,230720-11,2023.07,11,현대,시멘트,49.51,23.98,9.87,7.26,0.4,4.66,4.319999999999993,4.4
229,230720-12,2023.07,12,현대,시멘트,49.51,23.98,9.87,7.26,0.4,4.66,4.319999999999993,4.4
230,230720-13,2023.07,13,현대,시멘트,49.51,23.98,9.87,7.26,0.4,4.66,4.319999999999993,4.4
231,230720-14,2023.07,14,현대,시멘트,49.51,23.98,9.87,7.26,0.4,4.66,4.319999999999993,4.4
232,230720-15,2023.07,15,현대,시멘트,49.51,23.98,9.87,7.26,0.4,4.66,4.319999999999993,4.4
233,230720-16,2023.07,16,현대,시멘트,49.51,23.98,9.87,7.26,0.4,4.66,4.319999999999993,4.4
234,230720-17,2023.07,17,현대,시멘트,49.51,23.98,9.87,7.26,0.4,4.66,4.319999999999993,4.4
235,230720-18,2023.07,18,현대,시멘트,49.51,23.98,9.87,7.26,0.4,4.66,4.319999999999993,4.4
236,230720-19,2023.07,19,현대,시멘트,49.51,23.98,9.87,7.26,0.4,4.66,4.319999999999993,4.4
237,230720-20,2023.07,20,현대,시멘트,49.51,23.98,9.87,7.26,0.4,4.66,4.319999999999993,4.4
238,230720-21,2023.07,21,현대,시멘트,49.51,23.98,9.87,7.26,0.4,4.66,4.319999999999993,4.4
239,230720-22,2023.07,22,현대,시멘트,49.51,23.98,9.87,7.26,0.4,4.66,4.319999999999993,4.4
240,230720-23,2023.07,23,현대,시멘트,49.51,23.98,9.87,7.26,0.4,4.66,4.319999999999993,4.4
241,230720-24,2023.07,24,현대,시멘트,49.51,23.98,9.87,7.26,0.4,4.66,4.319999999999993,4.4
242,230720-25,2023.07,25,현대,시멘트,49.51,23.98,9.87,7.26,0.4,4.66,4.319999999999993,4.4
243,230720-26,2023.07,26,현대,시멘트,49.51,23.98,9.87,7.26,0.4,4.66,4.319999999999993,4.4
244,230720-27,2023.07,1,현대,급결재,51.03,27.48,11.34,1.68,1.28,5.16,2.029999999999987,2.8
245,230720-28,2023.07,2,현대,급결재,51.03,27.48,11.34,1.68,1.28,5.16,2.029999999999987,2.8
246,230720-29,2023.07,3,현대,시멘트,51.03,27.48,11.34,1.68,1.28,5.16,2.029999999999987,2.8
247,230720-30,2023.07,4,현대,시멘트,51.03,27.48,11.34,1.68,1.28,5.16,2.029999999999987,2.8
248,230720-31,2023.07,5,현대,시멘트,51.03,27.48,11.34,1.68,1.28,5.16,2.029999999999987,2.8
249,230720-32,2023.07,6,현대,시멘트,51.03,27.48,11.34,1.68,1.28,5.16,2.029999999999987,2.8
250,230720-33,2023.07,7,현대,시멘트,51.03,27.48,11.34,1.68,1.28,5.16,2.029999999999987,2.8
251,230720-34,2023.07,8,현대,시멘트,51.03,27.48,11.34,1.68,1.28,5.16,2.029999999999987,2.8
252,230720-35,2023.07,9,현대,시멘트,51.03,27.48,11.34,1.68,1.28,5.16,2.029999999999987,2.8
253,230720-36,2023.07,10,현대,시멘트,51.03,27.48,11.34,1.68,1.28,5.16,2.029999999999987,2.8
254,230720-37,2023.07,11,현대,시멘트,51.03,27.48,11.34,1.68,1.28,5.16,2.029999999999987,2.8
255,230720-38,2023.07,12,현대,시멘트,51.03,27.48,11.34,1.68,1.28,5.16,2.029999999999987,2.8
256,230720-39,2023.07,13,현대,시멘트,51.03,27.48,11.34,1.68,1.28,5.16,2.029999999999987,2.8
257,230720-40,2023.07,14,현대,시멘트,51.03,27.48,11.34,1.68,1.28,5.16,2.029999999999987,2.8
258,230720-41,2023.07,15,현대,시멘트,51.03,27.48,11.34,1.68,1.28,5.16,2.029999999999987,2.8
259,230720-42,2023.07,16,현대,시멘트,51.03,27.48,11.34,1.68,1.28,5.16,2.029999999999987,2.8
260,230720-43,2023.07,17,현대,시멘트,51.03,27.48,11.34,1.68,1.28,5.16,2.029999999999987,2.8
261,230720-44,2023.07,18,현대,시멘트,51.03,27.48,11.34,1.68,1.28,5.16,2.029999999999987,2.8
262,230720-45,2023.07,19,현대,시멘트,51.03,27.48,11.34,1.68,1.28,5.16,2.029999999999987,2.8
263,230720-46,2023.07,20,현대,시멘트,51.03,27.48,11.34,1.68,1.28,5.16,2.029999999999987,2.8
264,230720-47,2023.07,21,현대,시멘트,51.03,27.48,11.34,1.68,1.28,5.16,2.029999999999987,2.8
265,230720-48,2023.07,22,현대,시멘트,51.03,27.48,11.34,1.68,1.28,5.16,2.029999999999987,2.8
266,230720-49,2023.07,23,현대,시멘트,51.03,27.48,11.34,1.68,1.28,5.16,2.029999999999987,2.8
267,230720-50,2023.07,24,현대,시멘트,51.03,27.48,11.34,1.68,1.28,5.16,2.029999999999987,2.8
268,230720-51,2023.07,25,현대,시멘트,51.03,27.48,11.34,1.68,1.28,5.16,2.029999999999987,2.8
269,230720-52,2023.07,26,현대,시멘트,51.03,27.48,11.34,1.68,1.28,5.16,2.029999999999987,2.8
270,230804-01,2023.01,1,세아,시멘트,46.65,30.73,7.78,0.56,4.7,7.6,1.980000000000004,2.84
271,230804-02,2023.01,2,세아,시멘트,46.65,30.73,7.78,0.56,4.7,7.6,1.980000000000004,2.84
272,230804-03,2023.01,3,세아,시멘트,46.65,30.73,7.78,0.56,4.7,7.6,1.980000000000004,2.84
273,230804-04,2023.01,4,세아,시멘트,46.65,30.73,7.78,0.56,4.7,7.6,1.980000000000004,2.84
274,230804-05,2023.01,5,세아,시멘트,46.65,30.73,7.78,0.56,4.7,7.6,1.980000000000004,2.84
275,230804-06,2023.01,6,세아,시멘트,46.65,30.73,7.78,0.56,4.7,7.6,1.980000000000004,2.84
276,230804-07,2023.01,7,세아,시멘트,46.65,30.73,7.78,0.56,4.7,7.6,1.980000000000004,2.84
277,230804-08,2023.01,8,세아,시멘트,46.65,30.73,7.78,0.56,4.7,7.6,1.980000000000004,2.84
278,231023-01,2023.08,1,현대,급결재,50.07,29.69,9.64,2.75,0.7,3.73,3.4199999999999875,3.5
279,231023-02,2023.08,2,현대,시멘트,50.07,29.69,9.64,2.75,0.7,3.73,3.4199999999999875,3.5
280,231023-03,2023.08,3,현대,시멘트,50.07,29.69,9.64,2.75,0.7,3.73,3.4199999999999875,3.5
281,231023-04,2023.08,4,현대,시멘트,50.07,29.69,9.64,2.75,0.7,3.73,3.4199999999999875,3.5
282,231023-05,2023.09,1,현대,급결재,43.95,24.07,10.81,3.19,0.74,9.05,8.189999999999998,4.4
283,231023-06,2023.09,2,현대,시멘트,43.95,24.07,10.81,3.19,0.74,9.05,8.189999999999998,4.4
284,231023-07,2023.09,3,현대,시멘트,43.95,24.07,10.81,3.19,0.74,9.05,8.189999999999998,4.4
285,231023-08,2023.09,4,현대,시멘트,43.95,24.07,10.81,3.19,0.74,9.05,8.189999999999998,4.4
286,231023-09,2023.08,1,현대,급결재,49.21,29.58,11.44,1.1,1.99,4.75,1.930000000000021,3.2
287,231023-10,2023.08,2,현대,시멘트,49.21,29.58,11.44,1.1,1.99,4.75,1.930000000000021,3.2
288,231023-11,2023.08,3,현대,시멘트,49.21,29.58,11.44,1.1,1.99,4.75,1.930000000000021,3.2
289,231023-12,2023.08,4,현대,시멘트,49.21,29.58,11.44,1.1,1.99,4.75,1.930000000000021,3.2
290,231023-13,2023.09,1,현대,급결재,47.65,25.36,9.45,6.79,0.58,5.43,4.740000000000009,4.6
291,231023-14,2023.09,2,현대,시멘트,47.65,25.36,9.45,6.79,0.58,5.43,4.740000000000009,4.6
292,231023-15,2023.09,3,현대,시멘트,47.65,25.36,9.45,6.79,0.58,5.43,4.740000000000009,4.6
293,231023-16,2023.09,4,현대,시멘트,47.65,25.36,9.45,6.79,0.58,5.43,4.740000000000009,4.6
294,231108-01,2023.1,1,현대,급결재,49.2,29.7,8.94,4.06,0.57,3.73,3.799999999999997,2.3
295,231108-02,2023.1,2,현대,시멘트,49.2,29.7,8.94,4.06,0.57,3.73,3.799999999999997,2.3
296,231108-03,2023.1,3,현대,시멘트,49.2,29.7,8.94,4.06,0.57,3.73,3.799999999999997,2.3
297,231108-04,2023.1,4,현대,시멘트,49.2,29.7,8.94,4.06,0.57,3.73,3.799999999999997,2.3
298,231108-05,2023.11,1,현대,급결재,50.1,28.4,10,3.83,0.559,3.27,3.841000000000008,3.8
299,231108-06,2023.11,2,현대,시멘트,50.1,28.4,10,3.83,0.559,3.27,3.841000000000008,3.8
300,231108-07,2023.11,3,현대,시멘트,50.1,28.4,10,3.83,0.559,3.27,3.841000000000008,3.8
301,231108-08,2023.11,4,현대,시멘트,50.1,28.4,10,3.83,0.559,3.27,3.841000000000008,3.8
302,231108-09,2023.11-2,1,현대,급결재,49.7,28.5,9.68,4.87,0.555,2.95,3.7449999999999903,4.9
303,231108-10,2023.11-2,2,현대,시멘트,49.7,28.5,9.68,4.87,0.555,2.95,3.7449999999999903,4.9
304,231108-11,2023.11-2,3,현대,시멘트,49.7,28.5,9.68,4.87,0.555,2.95,3.7449999999999903,4.9
305,231108-12,2023.11-2,4,현대,시멘트,49.7,28.5,9.68,4.87,0.555,2.95,3.7449999999999903,4.9
306,231108-13,2023.1,1,현대,급결재,49,30,12.7,1.54,0.05,3.87,2.839999999999989,1.5
307,231108-14,2023.1,2,현대,시멘트,49,30,12.7,1.54,0.05,3.87,2.839999999999989,1.5
308,231108-15,2023.1,3,현대,시멘트,49,30,12.7,1.54,0.05,3.87,2.839999999999989,1.5
309,231108-16,2023.1,4,현대,시멘트,49,30,12.7,1.54,0.05,3.87,2.839999999999989,1.5
310,231108-17,2023.11,1,현대,급결재,51.2,29.8,12,0.55,1.44,3.43,1.5799999999999983,3.1
311,231108-18,2023.11,2,현대,시멘트,51.2,29.8,12,0.55,1.44,3.43,1.5799999999999983,3.1
312,231108-19,2023.11,3,현대,시멘트,51.2,29.8,12,0.55,1.44,3.43,1.5799999999999983,3.1
313,231108-20,2023.11,4,현대,시멘트,51.2,29.8,12,0.55,1.44,3.43,1.5799999999999983,3.1
314,231108-21,2023.11-2,1,현대,급결재,53.2,27.6,12.2,1,1.42,3.02,1.559999999999988,3
315,231108-22,2023.11-2,2,현대,시멘트,53.2,27.6,12.2,1,1.42,3.02,1.559999999999988,3
316,231108-23,2023.11-2,3,현대,시멘트,53.2,27.6,12.2,1,1.42,3.02,1.559999999999988,3
317,231108-24,2023.11-2,4,현대,시멘트,53.2,27.6,12.2,1,1.42,3.02,1.559999999999988,3
318,231213-01,2023.01,1,세아,시멘트,46.65,30.73,7.78,0.56,4.7,7.6,1.980000000000004,2.84
319,231213-02,2023.01,2,세아,시멘트,46.65,30.73,7.78,0.56,4.7,7.6,1.980000000000004,2.84
320,231213-03,2023.01,3,세아,시멘트,46.65,30.73,7.78,0.56,4.7,7.6,1.980000000000004,2.84
321,231213-04,2023.01,4,세아,시멘트,46.65,30.73,7.78,0.56,4.7,7.6,1.980000000000004,2.84
322,231213-05,2023.01,5,세아,시멘트,46.65,30.73,7.78,0.56,4.7,7.6,1.980000000000004,2.84
323,231213-06,2023.01,6,세아,시멘트,46.65,30.73,7.78,0.56,4.7,7.6,1.980000000000004,2.84
324,231213-07,2023.01,7,세아,시멘트,46.65,30.73,7.78,0.56,4.7,7.6,1.980000000000004,2.84
325,231213-08,2023.01,8,세아,시멘트,46.65,30.73,7.78,0.56,4.7,7.6,1.980000000000004,2.84
326,231213-09,2023.01,9,세아,시멘트,46.65,30.73,7.78,0.56,4.7,7.6,1.980000000000004,2.84
327,231213-10,2023.01,10,세아,시멘트,46.65,30.73,7.78,0.56,4.7,7.6,1.980000000000004,2.84
328,231213-11,2023.01,11,세아,시멘트,46.65,30.73,7.78,0.56,4.7,7.6,1.980000000000004,2.84
329,231213-12,2023.01,12,세아,시멘트,46.65,30.73,7.78,0.56,4.7,7.6,1.980000000000004,2.84
330,231213-13,2023.01,13,세아,시멘트,46.65,30.73,7.78,0.56,4.7,7.6,1.980000000000004,2.84
331,231213-14,2023.01,14,세아,시멘트,46.65,30.73,7.78,0.56,4.7,7.6,1.980000000000004,2.84
332,231213-15,2023.01,15,세아,시멘트,46.65,30.73,7.78,0.56,4.7,7.6,1.980000000000004,2.84
333,231213-16,2023.01,16,세아,시멘트,46.65,30.73,7.78,0.56,4.7,7.6,1.980000000000004,2.84
334,231213-17,2023.01,17,세아,시멘트,46.65,30.73,7.78,0.56,4.7,7.6,1.980000000000004,2.84
335,231213-18,2023.01,18,세아,시멘트,46.65,30.73,7.78,0.56,4.7,7.6,1.980000000000004,2.84
336,231213-19,2023.01,19,세아,시멘트,46.65,30.73,7.78,0.56,4.7,7.6,1.980000000000004,2.84
337,231213-20,2023.01,20,세아,시멘트,46.65,30.73,7.78,0.56,4.7,7.6,1.980000000000004,2.84
338,231213-21,2023.01,21,세아,시멘트,46.65,30.73,7.78,0.56,4.7,7.6,1.980000000000004,2.84
339,231213-22,2023.01,22,세아,시멘트,46.65,30.73,7.78,0.56,4.7,7.6,1.980000000000004,2.84
340,231213-23,2023.01,23,세아,시멘트,46.65,30.73,7.78,0.56,4.7,7.6,1.980000000000004,2.84
341,231213-24,2023.01,24,세아,시멘트,46.65,30.73,7.78,0.56,4.7,7.6,1.980000000000004,2.84
342,231213-25,2023.01,25,세아,시멘트,46.65,30.73,7.78,0.56,4.7,7.6,1.980000000000004,2.84
343,231213-26,2023.01,26,세아,시멘트,46.65,30.73,7.78,0.56,4.7,7.6,1.980000000000004,2.84
344,231213-27,2023.01,27,세아,시멘트,46.65,30.73,7.78,0.56,4.7,7.6,1.980000000000004,2.84
345,231213-28,2023.01,28,세아,시멘트,46.65,30.73,7.78,0.56,4.7,7.6,1.980000000000004,2.84
346,231213-29,2023.01,29,세아,시멘트,46.65,30.73,7.78,0.56,4.7,7.6,1.980000000000004,2.84
347,231213-30,2023.01,30,세아,시멘트,46.65,30.73,7.78,0.56,4.7,7.6,1.980000000000004,2.84
348,231213-31,2023.01,31,세아,시멘트,46.65,30.73,7.78,0.56,4.7,7.6,1.980000000000004,2.84
349,231213-32,2023.01,32,세아,시멘트,46.65,30.73,7.78,0.56,4.7,7.6,1.980000000000004,2.84
350,231213-33,2023.01,33,세아,시멘트,46.65,30.73,7.78,0.56,4.7,7.6,1.980000000000004,2.84
351,231213-34,2023.01,34,세아,시멘트,46.65,30.73,7.78,0.56,4.7,7.6,1.980000000000004,2.84
352,231213-35,2023.01,35,세아,시멘트,46.65,30.73,7.78,0.56,4.7,7.6,1.980000000000004,2.84
353,231213-36,2023.01,36,세아,시멘트,46.65,30.73,7.78,0.56,4.7,7.6,1.980000000000004,2.84
354,231213-37,2023.01,37,세아,시멘트,46.65,30.73,7.78,0.56,4.7,7.6,1.980000000000004,2.84
355,231213-38,2023.01,38,세아,시멘트,46.65,30.73,7.78,0.56,4.7,7.6,1.980000000000004,2.84
356,231213-39,2023.01,39,세아,시멘트,46.65,30.73,7.78,0.56,4.7,7.6,1.980000000000004,2.84
357,231213-40,2023.01,40,세아,시멘트,46.65,30.73,7.78,0.56,4.7,7.6,1.980000000000004,2.84
358,231213-41,2023.01,41,세아,시멘트,46.65,30.73,7.78,0.56,4.7,7.6,1.980000000000004,2.84
359,231213-42,2023.01,42,세아,시멘트,46.65,30.73,7.78,0.56,4.7,7.6,1.980000000000004,2.84
360,231213-43,2023.01,43,세아,시멘트,46.65,30.73,7.78,0.56,4.7,7.6,1.980000000000004,2.84
361,231213-44,2023.01,44,세아,시멘트,46.65,30.73,7.78,0.56,4.7,7.6,1.980000000000004,2.84
362,231213-45,2023.01,45,세아,시멘트,46.65,30.73,7.78,0.56,4.7,7.6,1.980000000000004,2.84
363,231213-46,2023.01,46,세아,시멘트,46.65,30.73,7.78,0.56,4.7,7.6,1.980000000000004,2.84
364,231213-47,2023.01,47,세아,시멘트,46.65,30.73,7.78,0.56,4.7,7.6,1.980000000000004,2.84
365,231213-48,2023.01,48,세아,시멘트,46.65,30.73,7.78,0.56,4.7,7.6,1.980000000000004,2.84
366,231213-49,2023.01,49,세아,시멘트,46.65,30.73,7.78,0.56,4.7,7.6,1.980000000000004,2.84
367,231213-50,2023.01,50,세아,시멘트,46.65,30.73,7.78,0.56,4.7,7.6,1.980000000000004,2.84
368,231213-51,2023.01,51,세아,시멘트,46.65,30.73,7.78,0.56,4.7,7.6,1.980000000000004,2.84
369,231213-52,2023.01,52,세아,시멘트,46.65,30.73,7.78,0.56,4.7,7.6,1.980000000000004,2.84
370,231213-53,2023.01,53,세아,시멘트,46.65,30.73,7.78,0.56,4.7,7.6,1.980000000000004,2.84
371,231213-54,2023.01,54,세아,시멘트,46.65,30.73,7.78,0.56,4.7,7.6,1.980000000000004,2.84
372,231213-55,2023.01,55,세아,시멘트,46.65,30.73,7.78,0.56,4.7,7.6,1.980000000000004,2.84
373,231213-56,2023.01,56,세아,시멘트,46.65,30.73,7.78,0.56,4.7,7.6,1.980000000000004,2.84
374,240206-QB,2023.12,1,세아,시멘트,47.46,27.91,8.34,0.68,4.12,6.1,5.389999999999986,3.23
375,240206-QC,2023.12,2,세아,시멘트,47.46,27.91,8.34,0.68,4.12,6.1,5.389999999999986,3.23
376,240206-U90-QB10,2023.12,3,세아,시멘트,47.46,27.91,8.34,0.68,4.12,6.1,5.389999999999986,3.23
377,240206-U80-QB20,2023.12,4,세아,시멘트,47.46,27.91,8.34,0.68,4.12,6.1,5.389999999999986,3.23
378,240206-U70-QB30,2023.12,5,세아,시멘트,47.46,27.91,8.34,0.68,4.12,6.1,5.389999999999986,3.23
379,240206-U75-QC25,2023.12,6,세아,시멘트,47.46,27.91,8.34,0.68,4.12,6.1,5.389999999999986,3.23
380,240206-U50-QC50,2023.12,7,세아,시멘트,47.46,27.91,8.34,0.68,4.12,6.1,5.389999999999986,3.23
381,240206-SS90-QB10,2023.12,8,세아,시멘트,47.46,27.91,8.34,0.68,4.12,6.1,5.389999999999986,3.23
382,240206-SS80-QB20,2023.12,9,세아,시멘트,47.46,27.91,8.34,0.68,4.12,6.1,5.389999999999986,3.23
383,240206-SS70-QB30,2023.12,10,세아,시멘트,47.46,27.91,8.34,0.68,4.12,6.1,5.389999999999986,3.23
384,240206-SS75-QC25,2023.12,11,세아,시멘트,47.46,27.91,8.34,0.68,4.12,6.1,5.389999999999986,3.23
385,240206-SS50-QC50,2023.12,12,세아,시멘트,47.46,27.91,8.34,0.68,4.12,6.1,5.389999999999986,3.23
386,240206-Z90-QB10,2023.12,13,세아,시멘트,47.46,27.91,8.34,0.68,4.12,6.1,5.389999999999986,3.23
387,240206-Z80-QB20,2023.12,14,세아,시멘트,47.46,27.91,8.34,0.68,4.12,6.1,5.389999999999986,3.23
388,240206-Z70-QB30,2023.12,15,세아,시멘트,47.46,27.91,8.34,0.68,4.12,6.1,5.389999999999986,3.23
389,240206-Z75-QC25,2023.12,16,세아,시멘트,47.46,27.91,8.34,0.68,4.12,6.1,5.389999999999986,3.23
390,240206-Z50-QC50,2023.12,17,세아,시멘트,47.46,27.91,8.34,0.68,4.12,6.1,5.389999999999986,3.23
391,240206-A90-QB10,2023.12,18,세아,시멘트,47.46,27.91,8.34,0.68,4.12,6.1,5.389999999999986,3.23
392,240206-A80-QB20,2023.12,19,세아,시멘트,47.46,27.91,8.34,0.68,4.12,6.1,5.389999999999986,3.23
393,240206-A70-QB30,2023.12,20,세아,시멘트,47.46,27.91,8.34,0.68,4.12,6.1,5.389999999999986,3.23
394,240206-A75-QC25,2023.12,21,세아,시멘트,47.46,27.91,8.34,0.68,4.12,6.1,5.389999999999986,3.23
395,240206-A50-QC50,2023.12,22,세아,시멘트,47.46,27.91,8.34,0.68,4.12,6.1,5.389999999999986,3.23
396,240321-01,2024.01,1,현대,급결재,47.2,29.5,8.97,5.71,0.5,4.1,4.02000000000001,4.1
397,240321-02,2024.01,2,현대,급결재,53.9,26.86,11.13,0.79,1.53,4.16,1.6300000000000097,3.3
398,240321-03,2024.02,3,현대,급결재,49.75,24.1,8.82,6.06,0.5,5.98,4.790000000000006,4.8
399,240321-04,2024.02,4,현대,급결재,53.18,24.83,12.76,1.04,2.63,3.95,1.6099999999999994,3.9
400,240321-05,2024.03,5,현대,급결재,53.73,25.17,10.8,2.78,0.5,3.65,3.3699999999999903,5.2
401,240321-06,2024.03,6,현대,급결재,56.34,26.75,10.55,0.67,1.44,2.97,1.2800000000000011,2.1
402,240324-01,2024.03-1,1,현대,급결재,44.74,28.98,8.94,3.51,0.9,7.39,5.539999999999992,
403,240324-02,2024.03-2,2,현대,급결재,44.87,28.84,9.13,3.48,0.62,7.29,5.769999999999996,
404,240324-03,2024.03-3,3,현대,급결재,43.16,27.02,8.53,5.08,0.8,7.16,8.250000000000014,
405,240324-04,2024.03-4,4,현대,급결재,41.46,24.66,8.44,6.64,0.49,6.98,11.329999999999998,
406,240324-05,2024.03-5,5,현대,급결재,44.46,28.23,8.72,3.8,0.49,7.16,7.140000000000015,
407,240602-01,2024.04,1,현대,급결재,53.4,25.21,10.87,3.19,0.53,3.7,3.0999999999999943,4.2
408,240602-02,2024.04,2,현대,급결재,53.4,25.21,10.87,3.19,0.53,3.7,3.0999999999999943,4.2
409,240602-03,2024.04,3,현대,급결재,53.4,25.21,10.87,3.19,0.53,3.7,3.0999999999999943,4.2
410,240602-04,2024.04,4,현대,시멘트,53.4,25.21,10.87,3.19,0.53,3.7,3.0999999999999943,4.2
411,240602-05,2024.04,5,현대,시멘트,53.4,25.21,10.87,3.19,0.53,3.7,3.0999999999999943,4.2
412,240602-06,2024.04,6,현대,시멘트,53.4,25.21,10.87,3.19,0.53,3.7,3.0999999999999943,4.2
413,240602-07,2024.05,1,현대,급결재,49.7,19.2,9.97,11.8,0.9,3.4,5.029999999999987,4
414,240602-08,2024.05,2,현대,급결재,49.7,19.2,9.97,11.8,0.9,3.4,5.029999999999987,4
415,240602-09,2024.05,3,현대,급결재,49.7,19.2,9.97,11.8,0.9,3.4,5.029999999999987,4
416,240602-10,2024.05,4,현대,시멘트,49.7,19.2,9.97,11.8,0.9,3.4,5.029999999999987,4
417,240602-11,2024.05,5,현대,시멘트,49.7,19.2,9.97,11.8,0.9,3.4,5.029999999999987,4
418,240602-12,2024.05,6,현대,시멘트,49.7,19.2,9.97,11.8,0.9,3.4,5.029999999999987,4
419,240602-13,2024.05-2,1,현대,급결재,51.9,25.07,11.46,3.37,0.48,4.03,3.6899999999999835,4.1
420,240602-14,2024.05-2,2,현대,급결재,51.9,25.07,11.46,3.37,0.48,4.03,3.6899999999999835,4.1
421,240602-15,2024.05-2,3,현대,급결재,51.9,25.07,11.46,3.37,0.48,4.03,3.6899999999999835,4.1
422,240602-16,2024.05-2,4,현대,시멘트,51.9,25.07,11.46,3.37,0.48,4.03,3.6899999999999835,4.1
423,240602-17,2024.05-2,5,현대,시멘트,51.9,25.07,11.46,3.37,0.48,4.03,3.6899999999999835,4.1
424,240602-18,2024.05-2,6,현대,시멘트,51.9,25.07,11.46,3.37,0.48,4.03,3.6899999999999835,4.1
425,240612-01,2023.12,1,세아,시멘트,47.46,27.91,8.34,0.68,4.12,6.1,5.389999999999986,3.23
426,240612-02,2023.12,2,세아,시멘트,47.46,27.91,8.34,0.68,4.12,6.1,5.389999999999986,3.23
427,240612-03,2023.12,3,세아,시멘트,47.46,27.91,8.34,0.68,4.12,6.1,5.389999999999986,3.23
428,240612-04,2023.12,4,세아,시멘트,47.46,27.91,8.34,0.68,4.12,6.1,5.389999999999986,3.23
429,240612-05,2023.12,5,세아,시멘트,47.46,27.91,8.34,0.68,4.12,6.1,5.389999999999986,3.23
430,240612-06,2023.12,6,세아,시멘트,47.46,27.91,8.34,0.68,4.12,6.1,5.389999999999986,3.23
431,240612-07,2023.12,7,세아,시멘트,47.46,27.91,8.34,0.68,4.12,6.1,5.389999999999986,3.23
432,240612-08,2023.12,8,세아,시멘트,47.46,27.91,8.34,0.68,4.12,6.1,5.389999999999986,3.23
433,240612-09,2023.12,9,세아,시멘트,47.46,27.91,8.34,0.68,4.12,6.1,5.389999999999986,3.23
434,240612-10,2023.12,10,세아,시멘트,47.46,27.91,8.34,0.68,4.12,6.1,5.389999999999986,3.23
435,240612-11,2023.12,11,세아,시멘트,47.46,27.91,8.34,0.68,4.12,6.1,5.389999999999986,3.23
436,240612-12,2023.12,12,세아,시멘트,47.46,27.91,8.34,0.68,4.12,6.1,5.389999999999986,3.23
437,240612-13,2023.12,13,세아,시멘트,47.46,27.91,8.34,0.68,4.12,6.1,5.389999999999986,3.23
438,240612-14,2023.12,14,세아,시멘트,47.46,27.91,8.34,0.68,4.12,6.1,5.389999999999986,3.23
439,240612-15,2023.12,15,세아,시멘트,47.46,27.91,8.34,0.68,4.12,6.1,5.389999999999986,3.23
440,240612-16,2023.12,16,세아,시멘트,47.46,27.91,8.34,0.68,4.12,6.1,5.389999999999986,3.23
441,240612-17,2023.12,17,세아,시멘트,47.46,27.91,8.34,0.68,4.12,6.1,5.389999999999986,3.23
442,240612-18,2023.12,18,세아,시멘트,47.46,27.91,8.34,0.68,4.12,6.1,5.389999999999986,3.23
443,240708-01,2023.12,1,세아,시멘트,47.46,27.91,8.34,0.68,4.12,6.1,5.389999999999986,3.23
444,240708-02,2023.12,2,세아,시멘트,47.46,27.91,8.34,0.68,4.12,6.1,5.389999999999986,3.23
445,240708-03,2023.12,3,세아,시멘트,47.46,27.91,8.34,0.68,4.12,6.1,5.389999999999986,3.23
446,240708-04,2023.12,4,세아,시멘트,47.46,27.91,8.34,0.68,4.12,6.1,5.389999999999986,3.23
447,240708-05,2023.12,5,세아,시멘트,47.46,27.91,8.34,0.68,4.12,6.1,5.389999999999986,3.23
448,240708-06,2023.12,6,세아,시멘트,47.46,27.91,8.34,0.68,4.12,6.1,5.389999999999986,3.23
449,240708-07,2023.12,7,세아,시멘트,47.46,27.91,8.34,0.68,4.12,6.1,5.389999999999986,3.23
450,240708-08,2023.12,8,세아,시멘트,47.46,27.91,8.34,0.68,4.12,6.1,5.389999999999986,3.23
451,240709-01,2024.06,1,현대,시멘트,49.11,25.67,9.04,5.37,0.46,6.52,3.8300000000000125,4.3
452,240709-02,2024.06,2,현대,시멘트,49.11,25.67,9.04,5.37,0.46,6.52,3.8300000000000125,4.3
453,240709-03,2024.06,3,현대,시멘트,49.11,25.67,9.04,5.37,0.46,6.52,3.8300000000000125,4.3
454,240709-04,2024.06,4,현대,시멘트,49.11,25.67,9.04,5.37,0.46,6.52,3.8300000000000125,4.3
455,240709-05,2024.06,5,현대,시멘트,49.11,25.67,9.04,5.37,0.46,6.52,3.8300000000000125,4.3
456,240709-06,2024.06,6,현대,시멘트,49.11,25.67,9.04,5.37,0.46,6.52,3.8300000000000125,4.3
457,240709-07,2024.06,7,현대,시멘트,49.11,25.67,9.04,5.37,0.46,6.52,3.8300000000000125,4.3
458,240709-08,2024.06,8,현대,시멘트,49.11,25.67,9.04,5.37,0.46,6.52,3.8300000000000125,4.3
459,240709-09,2024.06,9,현대,시멘트,49.11,25.67,9.04,5.37,0.46,6.52,3.8300000000000125,4.3
460,240709-10,2024.06,10,현대,시멘트,49.11,25.67,9.04,5.37,0.46,6.52,3.8300000000000125,4.3
461,240710-01,2024.06,1,현대,시멘트,49.11,25.67,9.04,5.37,0.46,6.52,3.8300000000000125,4.3
462,240710-02,2024.06,2,현대,시멘트,49.11,25.67,9.04,5.37,0.46,6.52,3.8300000000000125,4.3
463,240710-03,2024.06,3,현대,시멘트,49.11,25.67,9.04,5.37,0.46,6.52,3.8300000000000125,4.3
464,240710-04,2024.06,1,현대,시멘트,49.11,25.67,9.04,5.37,0.46,6.52,3.8300000000000125,4.3
465,240710-05,2024.06,2,현대,시멘트,49.11,25.67,9.04,5.37,0.46,6.52,3.8300000000000125,4.3
466,240710-06,2024.06,3,현대,시멘트,49.11,25.67,9.04,5.37,0.46,6.52,3.8300000000000125,4.3
467,240711-01,2024.06,1,현대,시멘트,49.11,25.67,9.04,5.37,0.46,6.52,3.8300000000000125,4.3
468,240711-02,2024.06,2,현대,시멘트,49.11,25.67,9.04,5.37,0.46,6.52,3.8300000000000125,4.3
469,240711-03,2024.06,3,현대,시멘트,49.11,25.67,9.04,5.37,0.46,6.52,3.8300000000000125,4.3
470,240711-04,2024.06,1,현대,시멘트,49.11,25.67,9.04,5.37,0.46,6.52,3.8300000000000125,4.3
471,240711-05,2024.06,2,현대,시멘트,49.11,25.67,9.04,5.37,0.46,6.52,3.8300000000000125,4.3
472,240711-06,2024.06,3,현대,시멘트,49.11,25.67,9.04,5.37,0.46,6.52,3.8300000000000125,4.3
473,240712-01,2024.06,1,현대,시멘트,49.11,25.67,9.04,5.37,0.46,6.52,3.8300000000000125,4.3
474,240712-02,2024.06,2,현대,시멘트,49.11,25.67,9.04,5.37,0.46,6.52,3.8300000000000125,4.3
475,240712-03,2024.06,3,현대,시멘트,49.11,25.67,9.04,5.37,0.46,6.52,3.8300000000000125,4.3
476,240712-04,2024.06,4,현대,시멘트,49.11,25.67,9.04,5.37,0.46,6.52,3.8300000000000125,4.3
477,240712-05,2024.06,5,현대,시멘트,49.11,25.67,9.04,5.37,0.46,6.52,3.8300000000000125,4.3
478,240718-01,2024.06,1,현대,시멘트,49.11,25.67,9.04,5.37,0.46,6.52,3.8300000000000125,4.3
479,240718-02,2024.06,2,현대,시멘트,49.11,25.67,9.04,5.37,0.46,6.52,3.8300000000000125,4.3
480,240718-03,2024.06,3,현대,시멘트,49.11,25.67,9.04,5.37,0.46,6.52,3.8300000000000125,4.3
481,240718-04,2024.06,4,현대,시멘트,49.11,25.67,9.04,5.37,0.46,6.52,3.8300000000000125,4.3
482,240718-05,2024.06,5,현대,시멘트,49.11,25.67,9.04,5.37,0.46,6.52,3.8300000000000125,4.3
483,240718-06,2024.06,6,현대,시멘트,49.11,25.67,9.04,5.37,0.46,6.52,3.8300000000000125,4.3
484,240718-07,2024.06,7,현대,시멘트,49.11,25.67,9.04,5.37,0.46,6.52,3.8300000000000125,4.3
485,240718-08,2024.06,8,현대,시멘트,49.11,25.67,9.04,5.37,0.46,6.52,3.8300000000000125,4.3
486,240718-09,2024.06,9,현대,시멘트,49.11,25.67,9.04,5.37,0.46,6.52,3.8300000000000125,4.3
487,240718-10,2024.06,10,현대,시멘트,49.11,25.67,9.04,5.37,0.46,6.52,3.8300000000000125,4.3
488,240718-11,2024.06,11,현대,시멘트,49.11,25.67,9.04,5.37,0.46,6.52,3.8300000000000125,4.3
489,240718-12,2024.06,12,현대,시멘트,49.11,25.67,9.04,5.37,0.46,6.52,3.8300000000000125,4.3
490,240722-01,2024.06,1,현대,시멘트,49.11,25.67,9.04,5.37,0.46,6.52,3.8300000000000125,4.3
491,240722-02,2024.06,2,현대,시멘트,49.11,25.67,9.04,5.37,0.46,6.52,3.8300000000000125,4.3
492,240722-03,2024.06,3,현대,시멘트,49.11,25.67,9.04,5.37,0.46,6.52,3.8300000000000125,4.3
493,240722-04,2024.06,4,현대,시멘트,49.11,25.67,9.04,5.37,0.46,6.52,3.8300000000000125,4.3
494,240806-01,2023.12,1,세아,시멘트,47.46,27.91,8.34,0.68,4.12,6.1,5.389999999999986,3.23
495,240806-02,2023.12,2,세아,시멘트,47.46,27.91,8.34,0.68,4.12,6.1,5.389999999999986,3.23
496,240806-03,2023.12,3,세아,시멘트,47.46,27.91,8.34,0.68,4.12,6.1,5.389999999999986,3.23
497,240806-04,2023.12,4,세아,시멘트,47.46,27.91,8.34,0.68,4.12,6.1,5.389999999999986,3.23
498,240806-05,2023.12,5,세아,시멘트,47.46,27.91,8.34,0.68,4.12,6.1,5.389999999999986,3.23
499,240806-06,2023.12,6,세아,시멘트,47.46,27.91,8.34,0.68,4.12,6.1,5.389999999999986,3.23
500,240806-07,2023.12,7,세아,시멘트,47.46,27.91,8.34,0.68,4.12,6.1,5.389999999999986,3.23
501,240806-08,2023.12,8,세아,시멘트,47.46,27.91,8.34,0.68,4.12,6.1,5.389999999999986,3.23
502,240806-09,2023.12,9,세아,시멘트,47.46,27.91,8.34,0.68,4.12,6.1,5.389999999999986,3.23
503,240806-10,2023.12,10,세아,시멘트,47.46,27.91,8.34,0.68,4.12,6.1,5.389999999999986,3.23
504,240806-11,2023.12,11,세아,시멘트,47.46,27.91,8.34,0.68,4.12,6.1,5.389999999999986,3.23
505,240806-12,2023.12,12,세아,시멘트,47.46,27.91,8.34,0.68,4.12,6.1,5.389999999999986,3.23
506,240806-13,2023.12,13,세아,시멘트,47.46,27.91,8.34,0.68,4.12,6.1,5.389999999999986,3.23
507,240806-14,2023.12,14,세아,시멘트,47.46,27.91,8.34,0.68,4.12,6.1,5.389999999999986,3.23
508,240812-01,2023.12,1,세아,시멘트,47.46,27.91,8.34,0.68,4.12,6.1,5.389999999999986,3.23
509,240812-02,2023.12,2,세아,시멘트,47.46,27.91,8.34,0.68,4.12,6.1,5.389999999999986,3.23
510,240812-03,2023.12,3,세아,시멘트,47.46,27.91,8.34,0.68,4.12,6.1,5.389999999999986,3.23
511,240812-04,2023.12,4,세아,시멘트,47.46,27.91,8.34,0.68,4.12,6.1,5.389999999999986,3.23
512,240812-05,2023.12,5,세아,시멘트,47.46,27.91,8.34,0.68,4.12,6.1,5.389999999999986,3.23
513,240812-06,2023.12,6,세아,시멘트,47.46,27.91,8.34,0.68,4.12,6.1,5.389999999999986,3.23
514,240812-07,2023.12,7,세아,시멘트,47.46,27.91,8.34,0.68,4.12,6.1,5.389999999999986,3.23
515,240812-08,2023.12,8,세아,시멘트,47.46,27.91,8.34,0.68,4.12,6.1,5.389999999999986,3.23
516,240812-09,2023.12,9,세아,시멘트,47.46,27.91,8.34,0.68,4.12,6.1,5.389999999999986,3.23
517,240812-10,2023.12,10,세아,시멘트,47.46,27.91,8.34,0.68,4.12,6.1,5.389999999999986,3.23
518,240812-11,2023.12,11,세아,시멘트,47.46,27.91,8.34,0.68,4.12,6.1,5.389999999999986,3.23
519,240812-12,2023.12,12,세아,시멘트,47.46,27.91,8.34,0.68,4.12,6.1,5.389999999999986,3.23
520,240812-13,2023.12,13,세아,시멘트,47.46,27.91,8.34,0.68,4.12,6.1,5.389999999999986,3.23
521,240812-14,2023.12,14,세아,시멘트,47.46,27.91,8.34,0.68,4.12,6.1,5.389999999999986,3.23
522,240812-15,2023.12,15,세아,시멘트,47.46,27.91,8.34,0.68,4.12,6.1,5.389999999999986,3.23
523,240812-16,2023.12,16,세아,시멘트,47.46,27.91,8.34,0.68,4.12,6.1,5.389999999999986,3.23
524,240812-17,2023.12,17,세아,시멘트,47.46,27.91,8.34,0.68,4.12,6.1,5.389999999999986,3.23
525,240812-18,2023.12,18,세아,시멘트,47.46,27.91,8.34,0.68,4.12,6.1,5.389999999999986,3.23
526,240812-19,2023.12,19,세아,시멘트,47.46,27.91,8.34,0.68,4.12,6.1,5.389999999999986,3.23
527,240812-20,2023.12,20,세아,시멘트,47.46,27.91,8.34,0.68,4.12,6.1,5.389999999999986,3.23
528,240812-21,2023.12,21,세아,시멘트,47.46,27.91,8.34,0.68,4.12,6.1,5.389999999999986,3.23
529,240813-01,2023.12,1,세아,시멘트,47.46,27.91,8.34,0.68,4.12,6.1,5.389999999999986,3.23
530,240813-02,2023.12,2,세아,시멘트,47.46,27.91,8.34,0.68,4.12,6.1,5.389999999999986,3.23
531,240813-03,2023.12,3,세아,시멘트,47.46,27.91,8.34,0.68,4.12,6.1,5.389999999999986,3.23
532,240813-04,2023.12,4,세아,시멘트,47.46,27.91,8.34,0.68,4.12,6.1,5.389999999999986,3.23
533,240813-05,2023.12,5,세아,시멘트,47.46,27.91,8.34,0.68,4.12,6.1,5.389999999999986,3.23
534,240813-06,2023.12,6,세아,시멘트,47.46,27.91,8.34,0.68,4.12,6.1,5.389999999999986,3.23
535,240813-07,2023.12,7,세아,시멘트,47.46,27.91,8.34,0.68,4.12,6.1,5.389999999999986,3.23
536,240814-01,2023.12,1,세아,시멘트,47.46,27.91,8.34,0.68,4.12,6.1,5.389999999999986,3.23
537,240814-02,2023.12,2,세아,시멘트,47.46,27.91,8.34,0.68,4.12,6.1,5.389999999999986,3.23
538,240814-03,2023.12,3,세아,시멘트,47.46,27.91,8.34,0.68,4.12,6.1,5.389999999999986,3.23
539,240814-04,2023.12,4,세아,시멘트,47.46,27.91,8.34,0.68,4.12,6.1,5.389999999999986,3.23
540,240814-05,2023.12,5,세아,시멘트,47.46,27.91,8.34,0.68,4.12,6.1,5.389999999999986,3.23
541,240814-06,2023.12,6,세아,시멘트,47.46,27.91,8.34,0.68,4.12,6.1,5.389999999999986,3.23
542,241220-33%,2024.11,1,세아,급결재,49.1,27.28,11.62,1.18,4.29,5.42,1.1099999999999852,3.36
543,241220-66%,2024.11,2,세아,급결재,49.1,27.28,11.62,1.18,4.29,5.42,1.1099999999999852,3.36
544,241220-100%,2024.11,3,세아,급결재,49.1,27.28,11.62,1.18,4.29,5.42,1.1099999999999852,3.36
545,241220-133%,2024.11,4,세아,급결재,49.1,27.28,11.62,1.18,4.29,5.42,1.1099999999999852,3.36
546,241230-30RPM,2024.11,1,세아,급결재,49.1,27.28,11.62,1.18,4.29,5.42,1.1099999999999852,3.36
547,241230-45RPM,2024.11,2,세아,급결재,49.1,27.28,11.62,1.18,4.29,5.42,1.1099999999999852,3.36
548,241230-60RPM,2024.11,3,세아,급결재,49.1,27.28,11.62,1.18,4.29,5.42,1.1099999999999852,3.36
549,250102-5kg,2024.11,1,세아,급결재,49.1,27.28,11.62,1.18,4.29,5.42,1.1099999999999852,3.36
550,250102-10kg,2024.11,2,세아,급결재,49.1,27.28,11.62,1.18,4.29,5.42,1.1099999999999852,3.36
551,250102-15kg,2024.11,3,세아,급결재,49.1,27.28,11.62,1.18,4.29,5.42,1.1099999999999852,3.36
552,250103-30min,2024.11,1,세아,급결재,49.1,27.28,11.62,1.18,4.29,5.42,1.1099999999999852,3.36
553,250103-40min,2024.11,2,세아,급결재,49.1,27.28,11.62,1.18,4.29,5.42,1.1099999999999852,3.36
554,250103-50min,2024.11,3,세아,급결재,49.1,27.28,11.62,1.18,4.29,5.42,1.1099999999999852,3.36
555,250103-60min,2024.11,4,세아,급결재,49.1,27.28,11.62,1.18,4.29,5.42,1.1099999999999852,3.36
556,250103-70min,2024.11,5,세아,급결재,49.1,27.28,11.62,1.18,4.29,5.42,1.1099999999999852,3.36
557,250103-80min,2024.11,6,세아,급결재,49.1,27.28,11.62,1.18,4.29,5.42,1.1099999999999852,3.36
558,250103-90min,2024.11,7,세아,급결재,49.1,27.28,11.62,1.18,4.29,5.42,1.1099999999999852,3.36
559,250103-100min,2024.11,8,세아,급결재,49.1,27.28,11.62,1.18,4.29,5.42,1.1099999999999852,3.36
560,250103-110min,2024.11,9,세아,급결재,49.1,27.28,11.62,1.18,4.29,5.42,1.1099999999999852,3.36
561,250103-120min,2024.11,10,세아,급결재,49.1,27.28,11.62,1.18,4.29,5.42,1.1099999999999852,3.36
562,250103-130min,2024.11,11,세아,급결재,49.1,27.28,11.62,1.18,4.29,5.42,1.1099999999999852,3.36
563,250103-140min,2024.11,12,세아,급결재,49.1,27.28,11.62,1.18,4.29,5.42,1.1099999999999852,3.36
564,250103-150min,2024.11,13,세아,급결재,49.1,27.28,11.62,1.18,4.29,5.42,1.1099999999999852,3.36
565,250121-0min,2024.11,1,세아,급결재,49.1,27.28,11.62,1.18,4.29,5.42,1.1099999999999852,3.36
566,250121-40min,2024.11,2,세아,급결재,49.1,27.28,11.62,1.18,4.29,5.42,1.1099999999999852,3.36
567,250121-60min,2024.11,3,세아,급결재,49.1,27.28,11.62,1.18,4.29,5.42,1.1099999999999852,3.36
568,250121-80min,2024.11,4,세아,급결재,49.1,27.28,11.62,1.18,4.29,5.42,1.1099999999999852,3.36
569,250121-120min,2024.11,5,세아,급결재,49.1,27.28,11.62,1.18,4.29,5.42,1.1099999999999852,3.36
570,250121-180min,2024.11,6,세아,급결재,49.1,27.28,11.62,1.18,4.29,5.42,1.1099999999999852,3.36
571,250207-01,2024.11,1,세아,급결재,49.1,27.28,11.62,1.18,4.29,5.42,1.1099999999999852,3.36
572,250207-02,2024.11,2,세아,급결재,49.1,27.28,11.62,1.18,4.29,5.42,1.1099999999999852,3.36
573,250207-03,2024.11,3,세아,급결재,49.1,27.28,11.62,1.18,4.29,5.42,1.1099999999999852,3.36
574,250207-04,2024.11,4,세아,급결재,49.1,27.28,11.62,1.18,4.29,5.42,1.1099999999999852,3.36
575,250207-05,2024.11,5,세아,시멘트,49.1,27.28,11.62,1.18,4.29,5.42,1.1099999999999852,3.36
576,250207-06,2024.11,6,세아,시멘트,49.1,27.28,11.62,1.18,4.29,5.42,1.1099999999999852,3.36
577,250207-07,2024.11,7,세아,시멘트,49.1,27.28,11.62,1.18,4.29,5.42,1.1099999999999852,3.36
578,250207-08,2024.11,8,세아,시멘트,49.1,27.28,11.62,1.18,4.29,5.42,1.1099999999999852,3.36
579,250207-09,2024.11,9,세아,시멘트,49.1,27.28,11.62,1.18,4.29,5.42,1.1099999999999852,3.36
580,250207-10,2024.11,10,세아,시멘트,49.1,27.28,11.62,1.18,4.29,5.42,1.1099999999999852,3.36
581,250207-11,2024.11,11,세아,시멘트,49.1,27.28,11.62,1.18,4.29,5.42,1.1099999999999852,3.36
582,250220-01,2024.11,1,세아,시멘트,49.1,27.28,11.62,1.18,4.29,5.42,1.1099999999999852,3.36
583,250220-02,2024.12,1,현대,시멘트,46.7,31.2,11.2,3.18,0.573,4.04,3.106999999999985,4.5
584,250220-03,2024.12,2,현대,시멘트,46.7,31.2,11.2,3.18,0.573,4.04,3.106999999999985,4.5
585,250221-01,2024.11,1,세아,급결재,49.1,27.28,11.62,1.18,4.29,5.42,1.1099999999999852,3.36
586,250221-02,2024.11,2,세아,급결재,49.1,27.28,11.62,1.18,4.29,5.42,1.1099999999999852,0.06
587,250221-03,2024.11,3,세아,급결재,49.1,27.28,11.62,1.18,4.29,5.42,1.1099999999999852,0.25
588,250221-04,2024.11,4,세아,급결재,49.1,27.28,11.62,1.18,4.29,5.42,1.1099999999999852,0.94
589,250221-05,2024.11,5,세아,급결재,49.1,27.28,11.62,1.18,4.29,5.42,1.1099999999999852,1.94
590,250221-06,2024.11,6,세아,시멘트,49.1,27.28,11.62,1.18,4.29,5.42,1.1099999999999852,3.36
591,250221-07,2024.11,7,세아,시멘트,49.1,27.28,11.62,1.18,4.29,5.42,1.1099999999999852,0.06
592,250221-08,2024.11,8,세아,시멘트,49.1,27.28,11.62,1.18,4.29,5.42,1.1099999999999852,0.25
593,250221-09,2024.11,9,세아,시멘트,49.1,27.28,11.62,1.18,4.29,5.42,1.1099999999999852,0.94
594,250221-10,2024.11,10,세아,시멘트,49.1,27.28,11.62,1.18,4.29,5.42,1.1099999999999852,1.94
595,250222-01,2024.11,1,세아,시멘트,49.1,27.28,11.62,1.18,4.29,5.42,1.1099999999999852,0.06
596,250222-02,2024.11,2,세아,시멘트,49.1,27.28,11.62,1.18,4.29,5.42,1.1099999999999852,0.25
597,250222-03,2024.11,3,세아,시멘트,49.1,27.28,11.62,1.18,4.29,5.42,1.1099999999999852,0.94
598,250222-04,2024.11,4,세아,시멘트,49.1,27.28,11.62,1.18,4.29,5.42,1.1099999999999852,1.94
599,250224-01,2024.11,1,세아,시멘트,49.1,27.28,11.62,1.18,4.29,5.42,1.1099999999999852,3.36
600,250224-02,2024.12,2,현대,시멘트,46.7,31.2,11.2,3.18,0.573,4.04,3.106999999999985,4.5
601,250304-01,2024.11,1,세아,시멘트,49.1,27.28,11.62,1.18,4.29,5.42,1.1099999999999852,3.36
602,250304-02,2024.11,1,세아,시멘트,49.1,27.28,11.62,1.18,4.29,5.42,1.1099999999999852,3.36
603,250304-03,2024.12,1,현대,시멘트,46.7,31.2,11.2,3.18,0.573,4.04,3.106999999999985,4.5
604,250305-04,2024.12,1,현대,시멘트,46.7,31.2,11.2,3.18,0.573,4.04,3.106999999999985,4.5
